lat0,lon0
37.792480,-122.397450
posX,posY,posZ,halfSizeX,halfSizeY,halfSizeZ
-305,-435,85.5,5,5,85.5
-295,-435,85.5,5,5,85.5
-285,-435,85.5,5,5,85.5
-275,-435,85.5,5,5,85.5
-225,-435,50,5,5,50
-215,-435,50,5,5,50
-205,-435,50,5,5,50
-175,-435,1.5,5,5,1.5
-165,-435,46,5,5,46
-155,-435,46,5,5,46
-145,-435,46,5,5,46
-135,-435,46,5,5,46
-125,-435,46,5,5,46
-115,-435,27.5,5,5,27.5
-105,-435,8,5,5,8
-95,-435,8,5,5,8
-85,-435,8,5,5,8
-75.00001,-435,8,5,5,8
-45,-435,20.5,5,5,20.5
-35,-435,20.5,5,5,20.5
-15,-435,7.5,5,5,7.5
-5,-435,12,5,5,12
5,-435,12,5,5,12
15,-435,26.5,5,5,26.5
25.00001,-435,26.5,5,5,26.5
35,-435,54.5,5,5,54.5
45.00001,-435,54.5,5,5,54.5
54.99999,-435,54.5,5,5,54.5
95,-435,11,5,5,11
105,-435,11,5,5,11
115,-435,11,5,5,11
125,-435,11,5,5,11
135,-435,11,5,5,11
355,-435,17,5,5,17
365,-435,17,5,5,17
375,-435,17,5,5,17
385,-435,17,5,5,17
395,-435,17,5,5,17
415,-435,5,5,5,5
425,-435,5,5,5,5
435,-435,5,5,5,5
445,-435,5,5,5,5
485,-435,29.5,5,5,29.5
495,-435,29.5,5,5,29.5
-305,-425,85.5,5,5,85.5
-295,-425,85.5,5,5,85.5
-285,-425,85.5,5,5,85.5
-275,-425,85.5,5,5,85.5
-225,-425,50,5,5,50
-215,-425,50,5,5,50
-205,-425,50,5,5,50
-175,-425,46,5,5,46
-165,-425,46,5,5,46
-155,-425,46,5,5,46
-145,-425,46,5,5,46
-135,-425,46,5,5,46
-125,-425,46,5,5,46
-115,-425,27.5,5,5,27.5
-105,-425,8,5,5,8
-95,-425,8,5,5,8
-85,-425,8,5,5,8
-75,-425,8,5,5,8
-35,-425,20.5,5,5,20.5
-25,-425,20.5,5,5,20.5
-15,-425,7.5,5,5,7.5
-5,-425,12,5,5,12
5,-425,12,5,5,12
15,-425,26.5,5,5,26.5
25.00001,-425,26.5,5,5,26.5
35,-425,54.5,5,5,54.5
44.99999,-425,54.5,5,5,54.5
55,-425,54.5,5,5,54.5
305,-425,40.5,5,5,40.5
315,-425,40.5,5,5,40.5
355,-425,17,5,5,17
365,-425,17,5,5,17
375,-425,17,5,5,17
385,-425,17,5,5,17
395,-425,17,5,5,17
415,-425,5,5,5,5
425,-425,5,5,5,5
435,-425,5,5,5,5
445,-425,5,5,5,5
485,-425,29.5,5,5,29.5
495,-425,29.5,5,5,29.5
-305,-415,85.5,5,5,85.5
-295,-415,85.5,5,5,85.5
-285,-415,85.5,5,5,85.5
-275,-415,85.5,5,5,85.5
-235,-415,50,5,5,50
-225,-415,50,5,5,50
-215,-415,50,5,5,50
-205,-415,50,5,5,50
-145,-415,26.5,5,5,26.5
-135,-415,26.5,5,5,26.5
-125,-415,26.5,5,5,26.5
-115,-415,27.5,5,5,27.5
-105,-415,8,5,5,8
-95,-415,8,5,5,8
-85,-415,8,5,5,8
-75,-415,8,5,5,8
-35,-415,20.5,5,5,20.5
-25,-415,20.5,5,5,20.5
-15,-415,7.5,5,5,7.5
-5,-415,7.5,5,5,7.5
5,-415,12,5,5,12
15,-415,26.5,5,5,26.5
205,-415,20.5,5,5,20.5
265,-415,10.5,5,5,10.5
295,-415,40.5,5,5,40.5
305,-415,40.5,5,5,40.5
315,-415,40.5,5,5,40.5
355,-415,17,5,5,17
365,-415,17,5,5,17
375,-415,17,5,5,17
385,-415,17,5,5,17
395,-415,17,5,5,17
425,-415,4,5,5,4
435,-415,4,5,5,4
445,-415,4,5,5,4
485,-415,29.5,5,5,29.5
495,-415,29.5,5,5,29.5
-305,-405,85.5,5,5,85.5
-295,-405,85.50001,5,5,85.50001
-285,-405,85.5,5,5,85.5
-275,-405,85.5,5,5,85.5
-215,-405,50,5,5,50
-205,-405,50,5,5,50
-165,-405,26.5,5,5,26.5
-155,-405,26.5,5,5,26.5
-145,-405,26.5,5,5,26.5
-135,-405,26.5,5,5,26.5
-125,-405,26.5,5,5,26.5
-115,-405,27.5,5,5,27.5
-105,-405,27.5,5,5,27.5
-95,-405,8,5,5,8
-85,-405,8,5,5,8
-75,-405,8,5,5,8
125,-405,49.5,5,5,49.5
135,-405,49.5,5,5,49.5
145,-405,49.5,5,5,49.5
165,-405,20.5,5,5,20.5
175,-405,20.5,5,5,20.5
185,-405,20.5,5,5,20.5
195,-405,20.5,5,5,20.5
205,-405,20.5,5,5,20.5
235,-405,10.5,5,5,10.5
245,-405,10.5,5,5,10.5
255,-405,10.5,5,5,10.5
265,-405,10.5,5,5,10.5
295,-405,40.5,5,5,40.5
305,-405,40.5,5,5,40.5
315,-405,40.5,5,5,40.5
355,-405,17,5,5,17
365,-405,17,5,5,17
375,-405,17,5,5,17
385,-405,17,5,5,17
395,-405,17,5,5,17
425,-405,4,5,5,4
435,-405,4,5,5,4
445,-405,4,5,5,4
455,-405,6,5,5,6
-305,-395,7,5,5,7
-295,-395,7,5,5,7
-285,-395,7,5,5,7
-275,-395,7,5,5,7
-265,-395,7,5,5,7
-245,-395,50,5,5,50
-235,-395,50,5,5,50
-225,-395,50,5,5,50
-215,-395,50,5,5,50
-205,-395,50,5,5,50
-165,-395,26.5,5,5,26.5
-155,-395,26.5,5,5,26.5
-145,-395,26.5,5,5,26.5
-135,-395,26.5,5,5,26.5
-125,-395,26.5,5,5,26.5
-115,-395,27.5,5,5,27.5
55,-395,40.5,5,5,40.5
65.00001,-395,40.5,5,5,40.5
105,-395,49.5,5,5,49.5
115,-395,49.5,5,5,49.5
125,-395,49.5,5,5,49.5
135,-395,49.5,5,5,49.5
145,-395,49.5,5,5,49.5
165,-395,20.5,5,5,20.5
175,-395,20.5,5,5,20.5
185,-395,20.5,5,5,20.5
195,-395,20.5,5,5,20.5
205,-395,20.5,5,5,20.5
235,-395,10.5,5,5,10.5
245,-395,10.5,5,5,10.5
255,-395,10.5,5,5,10.5
265,-395,10.5,5,5,10.5
275,-395,10.5,5,5,10.5
295,-395,40.5,5,5,40.5
305,-395,40.5,5,5,40.5
315,-395,40.5,5,5,40.5
325,-395,40.5,5,5,40.5
365,-395,17,5,5,17
375,-395,17,5,5,17
385,-395,17,5,5,17
395,-395,12.5,5,5,12.5
425,-395,6,5,5,6
435,-395,6,5,5,6
445,-395,6,5,5,6
455,-395,6,5,5,6
485,-395,12.5,5,5,12.5
495,-395,12.5,5,5,12.5
-305,-385,7,5,5,7
-295,-385,7,5,5,7
-285,-385,7,5,5,7
-275,-385,7,5,5,7
-265,-385,7,5,5,7
-245,-385,50,5,5,50
-235,-385,50,5,5,50
-225,-385,50,5,5,50
-215,-385,50,5,5,50
-205,-385,50,5,5,50
35,-385,40.5,5,5,40.5
45.00001,-385,40.5,5,5,40.5
55,-385,40.5,5,5,40.5
65,-385,40.5,5,5,40.5
105,-385,49.5,5,5,49.5
115,-385,49.5,5,5,49.5
125,-385,49.5,5,5,49.5
135,-385,49.5,5,5,49.5
145,-385,49.5,5,5,49.5
165,-385,20.5,5,5,20.5
175,-385,20.5,5,5,20.5
185,-385,20.5,5,5,20.5
195,-385,20.5,5,5,20.5
205,-385,20.5,5,5,20.5
235,-385,10.5,5,5,10.5
245,-385,10.5,5,5,10.5
295,-385,40.5,5,5,40.5
305,-385,40.5,5,5,40.5
315,-385,40.5,5,5,40.5
325,-385,40.5,5,5,40.5
385,-385,12.5,5,5,12.5
395,-385,12.5,5,5,12.5
405,-385,12.5,5,5,12.5
425,-385,6,5,5,6
455,-385,13,5,5,13
485,-385,12.5,5,5,12.5
495,-385,12.5,5,5,12.5
-305,-375,7,5,5,7
-295,-375,7,5,5,7
-285,-375,7,5,5,7
-275,-375,7,5,5,7
-265,-375,7,5,5,7
-255,-375,7,5,5,7
-245,-375,50,5,5,50
-235,-375,50,5,5,50
-225,-375,50,5,5,50
-215,-375,50,5,5,50
-34.99999,-375,34.5,5,5,34.5
-25,-375,34.5,5,5,34.5
45,-375,40.5,5,5,40.5
55,-375,40.5,5,5,40.5
65,-375,40.5,5,5,40.5
105,-375,49.5,5,5,49.5
115,-375,49.5,5,5,49.5
125,-375,49.5,5,5,49.5
135,-375,49.5,5,5,49.5
145,-375,49.50001,5,5,49.50001
165,-375,20.5,5,5,20.5
175,-375,20.5,5,5,20.5
235,-375,10.5,5,5,10.5
245,-375,10.5,5,5,10.5
295,-375,40.5,5,5,40.5
305,-375,40.5,5,5,40.5
315,-375,40.5,5,5,40.5
325,-375,40.5,5,5,40.5
375,-375,12.5,5,5,12.5
385,-375,12.5,5,5,12.5
395,-375,12.5,5,5,12.5
405,-375,12.5,5,5,12.5
425,-375,6.5,5,5,6.5
435,-375,6.5,5,5,6.5
445,-375,6.5,5,5,6.5
455,-375,13,5,5,13
495,-375,12.5,5,5,12.5
-305,-365,1.5,5,5,1.5
-295,-365,1.5,5,5,1.5
-285,-365,1.5,5,5,1.5
-125,-365,29,5,5,29
-115,-365,29,5,5,29
-105,-365,14,5,5,14
-95,-365,37.5,5,5,37.5
-85,-365,37.5,5,5,37.5
-75,-365,37.5,5,5,37.5
-65.00001,-365,37.5,5,5,37.5
-35,-365,34.5,5,5,34.5
-25.00002,-365,34.5,5,5,34.5
5,-365,106,5,5,106
15,-365,106,5,5,106
25,-365,106,5,5,106
65.00001,-365,40.5,5,5,40.5
115,-365,49.5,5,5,49.5
125,-365,49.5,5,5,49.5
135,-365,49.5,5,5,49.5
145,-365,49.5,5,5,49.5
235,-365,10.5,5,5,10.5
245,-365,10.5,5,5,10.5
305,-365,40.5,5,5,40.5
315,-365,40.5,5,5,40.5
325,-365,40.5,5,5,40.5
365,-365,12.5,5,5,12.5
375,-365,12.5,5,5,12.5
385,-365,12.5,5,5,12.5
395,-365,12.5,5,5,12.5
405,-365,12.5,5,5,12.5
425,-365,6.5,5,5,6.5
435,-365,6.5,5,5,6.5
445,-365,6.5,5,5,6.5
455,-365,13,5,5,13
495,-365,12.5,5,5,12.5
-165,-355,29,5,5,29
-155,-355,29,5,5,29
-145,-355,29,5,5,29
-135,-355,29,5,5,29
-125,-355,29,5,5,29
-115,-355,29,5,5,29
-105,-355,14,5,5,14
-95,-355,37.5,5,5,37.5
-85.00001,-355,37.5,5,5,37.5
-75,-355,37.5,5,5,37.5
-65,-355,37.5,5,5,37.5
-25,-355,34.5,5,5,34.5
-15,-355,34.5,5,5,34.5
-5,-355,52.5,5,5,52.5
5,-355,106,5,5,106
15,-355,106,5,5,106
25,-355,52.5,5,5,52.5
55,-355,40.5,5,5,40.5
65.00001,-355,40.5,5,5,40.5
75.00001,-355,40.5,5,5,40.5
125,-355,49.5,5,5,49.5
135,-355,49.5,5,5,49.5
145,-355,49.5,5,5,49.5
175,-355,61.5,5,5,61.5
185,-355,61.5,5,5,61.5
195,-355,61.5,5,5,61.5
205,-355,61.5,5,5,61.5
215,-355,61.5,5,5,61.5
235,-355,10.5,5,5,10.5
245,-355,10.5,5,5,10.5
265,-355,10.5,5,5,10.5
275,-355,10.5,5,5,10.5
305,-355,40.5,5,5,40.5
315,-355,40.5,5,5,40.5
325,-355,40.5,5,5,40.5
365,-355,12.5,5,5,12.5
375,-355,12.5,5,5,12.5
385,-355,12.5,5,5,12.5
395,-355,12.5,5,5,12.5
405,-355,12.5,5,5,12.5
435,-355,6.5,5,5,6.5
445,-355,6.5,5,5,6.5
455,-355,13,5,5,13
-155,-345,29,5,5,29
-145,-345,29,5,5,29
-135,-345,29,5,5,29
-125,-345,29,5,5,29
-105,-345,14,5,5,14
-85,-345,37.5,5,5,37.5
-75,-345,37.5,5,5,37.5
-65,-345,37.5,5,5,37.5
-5,-345,52.5,5,5,52.5
5,-345,52.5,5,5,52.5
15,-345,106,5,5,106
24.99999,-345,52.5,5,5,52.5
44.99999,-345,40.5,5,5,40.5
55,-345,40.5,5,5,40.5
135,-345,16.5,5,5,16.5
145,-345,16.5,5,5,16.5
155,-345,16.5,5,5,16.5
175,-345,61.5,5,5,61.5
185,-345,61.5,5,5,61.5
195,-345,61.5,5,5,61.5
205,-345,61.5,5,5,61.5
215,-345,61.5,5,5,61.5
245,-345,10.5,5,5,10.5
255,-345,10.5,5,5,10.5
265,-345,10.5,5,5,10.5
275,-345,10.5,5,5,10.5
315,-345,40.5,5,5,40.5
325,-345,40.5,5,5,40.5
365,-345,12.5,5,5,12.5
375,-345,12.5,5,5,12.5
385,-345,12.5,5,5,12.5
395,-345,12.5,5,5,12.5
405,-345,12.5,5,5,12.5
-155,-335,29,5,5,29
-125,-335,29,5,5,29
-115,-335,29,5,5,29
-105,-335,14,5,5,14
-95,-335,14,5,5,14
-85,-335,37.5,5,5,37.5
-75,-335,37.5,5,5,37.5
-65,-335,37.5,5,5,37.5
5,-335,52.5,5,5,52.5
15,-335,106,5,5,106
25,-335,52.5,5,5,52.5
35,-335,52.5,5,5,52.5
115,-335,16.5,5,5,16.5
125,-335,16.5,5,5,16.5
135,-335,16.5,5,5,16.5
145,-335,16.5,5,5,16.5
155,-335,16.5,5,5,16.5
175,-335,61.5,5,5,61.5
185,-335,61.5,5,5,61.5
195,-335,61.5,5,5,61.5
205,-335,61.5,5,5,61.5
215,-335,61.5,5,5,61.5
245,-335,10.5,5,5,10.5
255,-335,10.5,5,5,10.5
265,-335,10.5,5,5,10.5
-275,-325,3,5,5,3
-265,-325,3,5,5,3
-255,-325,3,5,5,3
-225,-325,49.5,5,5,49.5
-215,-325,49.5,5,5,49.5
-205,-325,49.5,5,5,49.5
-155,-325,29,5,5,29
-145,-325,29,5,5,29
-135,-325,29,5,5,29
-125,-325,29,5,5,29
-115,-325,29,5,5,29
-105,-325,47.5,5,5,47.5
-95,-325,47.5,5,5,47.5
-85.00001,-325,47.5,5,5,47.5
-75,-325,47.5,5,5,47.5
-64.99999,-325,47.5,5,5,47.5
-55,-325,47.5,5,5,47.5
-25,-325,20,5,5,20
-15,-325,20,5,5,20
5,-325,52.5,5,5,52.5
15,-325,106,5,5,106
25,-325,106,5,5,106
35,-325,52.5,5,5,52.5
65,-325,25.5,5,5,25.5
115,-325,16.5,5,5,16.5
125,-325,16.5,5,5,16.5
135,-325,16.5,5,5,16.5
145,-325,16.5,5,5,16.5
155,-325,16.5,5,5,16.5
175,-325,61.5,5,5,61.5
185,-325,61.5,5,5,61.5
195,-325,61.50001,5,5,61.50001
205,-325,61.5,5,5,61.5
215,-325,61.5,5,5,61.5
-275,-315,3,5,5,3
-265,-315,3,5,5,3
-255,-315,3,5,5,3
-225,-315,49.5,5,5,49.5
-215,-315,49.5,5,5,49.5
-205,-315,49.5,5,5,49.5
-155,-315,29,5,5,29
-145,-315,29,5,5,29
-135,-315,29,5,5,29
-125,-315,1.5,5,5,1.5
-115,-315,1.5,5,5,1.5
-105,-315,47.5,5,5,47.5
-95,-315,47.5,5,5,47.5
-85.00001,-315,47.5,5,5,47.5
-75,-315,47.5,5,5,47.5
-65,-315,47.5,5,5,47.5
-55,-315,47.5,5,5,47.5
-25,-315,20,5,5,20
-15,-315,20,5,5,20
5,-315,52.5,5,5,52.5
15,-315,106,5,5,106
25,-315,106,5,5,106
35,-315,52.5,5,5,52.5
55,-315,25.5,5,5,25.5
65,-315,25.5,5,5,25.5
115,-315,16.5,5,5,16.5
125,-315,16.5,5,5,16.5
135,-315,16.5,5,5,16.5
145,-315,16.5,5,5,16.5
155,-315,16.5,5,5,16.5
175,-315,61.5,5,5,61.5
185,-315,61.5,5,5,61.5
195,-315,61.5,5,5,61.5
205,-315,61.5,5,5,61.5
215,-315,61.5,5,5,61.5
-235,-305,49.5,5,5,49.5
-215,-305,49.5,5,5,49.5
-205,-305,49.5,5,5,49.5
-155,-305,1.5,5,5,1.5
-145,-305,1.5,5,5,1.5
-135,-305,1.5,5,5,1.5
-125,-305,24,5,5,24
-115,-305,24,5,5,24
-94.99999,-305,47.5,5,5,47.5
-85,-305,47.5,5,5,47.5
-75,-305,47.5,5,5,47.5
-65,-305,12.5,5,5,12.5
-55,-305,12.5,5,5,12.5
-25,-305,20,5,5,20
-15,-305,20,5,5,20
5,-305,106,5,5,106
14.99998,-305,106,5,5,106
24.99999,-305,106,5,5,106
65,-305,25.5,5,5,25.5
75,-305,25.5,5,5,25.5
125,-305,16.5,5,5,16.5
135,-305,16.5,5,5,16.5
145,-305,16.5,5,5,16.5
155,-305,16.5,5,5,16.5
175,-305,61.5,5,5,61.5
185,-305,61.5,5,5,61.5
415,-305,1.5,5,5,1.5
425,-305,1.5,5,5,1.5
435,-305,1.5,5,5,1.5
445,-305,1.5,5,5,1.5
-235,-295,49.5,5,5,49.5
-225,-295,49.5,5,5,49.5
-215,-295,49.5,5,5,49.5
-205,-295,49.5,5,5,49.5
-195,-295,49.5,5,5,49.5
-155,-295,24,5,5,24
-145,-295,24,5,5,24
-135,-295,24,5,5,24
-125,-295,24,5,5,24
-115,-295,24,5,5,24
-105,-295,24,5,5,24
-95,-295,7,5,5,7
-85,-295,7,5,5,7
-75,-295,8.5,5,5,8.5
-65,-295,12.5,5,5,12.5
-55.00001,-295,12.5,5,5,12.5
-15,-295,20,5,5,20
-5,-295,20,5,5,20
25,-295,106,5,5,106
55,-295,25.5,5,5,25.5
65,-295,25.5,5,5,25.5
74.99999,-295,25.5,5,5,25.5
305,-295,14,5,5,14
315,-295,14,5,5,14
325,-295,14,5,5,14
335,-295,14,5,5,14
415,-295,1.5,5,5,1.5
425,-295,1.5,5,5,1.5
435,-295,1.5,5,5,1.5
445,-295,1.5,5,5,1.5
455,-295,1.5,5,5,1.5
465,-295,1.5,5,5,1.5
-235,-285,49.5,5,5,49.5
-225,-285,49.5,5,5,49.5
-215,-285,49.5,5,5,49.5
-205,-285,49.5,5,5,49.5
-195,-285,49.5,5,5,49.5
-155,-285,24,5,5,24
-145,-285,24,5,5,24
-135,-285,24,5,5,24
-125,-285,24,5,5,24
-115,-285,24,5,5,24
-105,-285,24,5,5,24
-95,-285,7,5,5,7
-85,-285,7,5,5,7
-75,-285,8.5,5,5,8.5
-65,-285,12.5,5,5,12.5
-55,-285,12.5,5,5,12.5
-15,-285,20,5,5,20
-5,-285,20,5,5,20
215,-285,45,5,5,45
225,-285,45,5,5,45
275,-285,86.50001,5,5,86.50001
285,-285,86.5,5,5,86.5
305,-285,14,5,5,14
315,-285,14,5,5,14
325,-285,14,5,5,14
335,-285,14,5,5,14
415,-285,1.5,5,5,1.5
425,-285,1.5,5,5,1.5
445,-285,1.5,5,5,1.5
455,-285,1.5,5,5,1.5
465,-285,1.5,5,5,1.5
-215,-275,49.5,5,5,49.5
-205,-275,49.5,5,5,49.5
-195,-275,49.5,5,5,49.5
-145,-275,24,5,5,24
-135,-275,24,5,5,24
-125,-275,24,5,5,24
-115,-275,24,5,5,24
-105,-275,24,5,5,24
-95,-275,7,5,5,7
-85,-275,7,5,5,7
-75,-275,8.5,5,5,8.5
-65,-275,8.5,5,5,8.5
-55,-275,12.5,5,5,12.5
-45,-275,12.5,5,5,12.5
145,-275,22.5,5,5,22.5
155,-275,22.5,5,5,22.5
185,-275,45,5,5,45
195,-275,45,5,5,45
205,-275,45,5,5,45
215,-275,45,5,5,45
225,-275,45,5,5,45
265,-275,86.5,5,5,86.5
275,-275,86.5,5,5,86.5
285,-275,86.5,5,5,86.5
295,-275,86.5,5,5,86.5
315,-275,14,5,5,14
325,-275,14,5,5,14
335,-275,14,5,5,14
405,-275,1.5,5,5,1.5
415,-275,1.5,5,5,1.5
445,-275,1.5,5,5,1.5
455,-275,1.5,5,5,1.5
465,-275,1.5,5,5,1.5
-215,-265,49.5,5,5,49.5
-205,-265,49.5,5,5,49.5
-195,-265,49.5,5,5,49.5
-145,-265,24,5,5,24
-135,-265,24,5,5,24
-125,-265,24,5,5,24
-115,-265,24,5,5,24
-105,-265,24,5,5,24
-95,-265,7,5,5,7
-85,-265,7,5,5,7
125,-265,22.5,5,5,22.5
135,-265,22.5,5,5,22.5
145,-265,22.5,5,5,22.5
155,-265,22.5,5,5,22.5
185,-265,45,5,5,45
195,-265,45,5,5,45
205,-265,45,5,5,45
215,-265,45,5,5,45
225,-265,45,5,5,45
265,-265,86.5,5,5,86.5
275,-265,86.5,5,5,86.5
285,-265,86.5,5,5,86.5
295,-265,86.5,5,5,86.5
315,-265,14,5,5,14
325,-265,14,5,5,14
335,-265,14,5,5,14
405,-265,1.5,5,5,1.5
415,-265,1.5,5,5,1.5
425,-265,1.5,5,5,1.5
-215,-255,49.5,5,5,49.5
-205,-255,49.5,5,5,49.5
-195,-255,49.5,5,5,49.5
35,-255,12.5,5,5,12.5
55,-255,30.5,5,5,30.5
65,-255,30.5,5,5,30.5
75,-255,30.5,5,5,30.5
84.99999,-255,30.5,5,5,30.5
125,-255,22.5,5,5,22.5
135,-255,22.5,5,5,22.5
155,-255,22.5,5,5,22.5
185,-255,45,5,5,45
195,-255,45,5,5,45
205,-255,45,5,5,45
215,-255,45,5,5,45
225,-255,45,5,5,45
265,-255,86.5,5,5,86.5
275,-255,86.5,5,5,86.5
285,-255,86.5,5,5,86.5
295,-255,86.5,5,5,86.5
315,-255,14,5,5,14
325,-255,14,5,5,14
335,-255,14,5,5,14
345,-255,14,5,5,14
-5,-245,14.5,5,5,14.5
5,-245,14.5,5,5,14.5
15,-245,14.5,5,5,14.5
25,-245,12.5,5,5,12.5
35,-245,12.5,5,5,12.5
55,-245,30.5,5,5,30.5
65,-245,30.5,5,5,30.5
75,-245,30.5,5,5,30.5
85,-245,30.5,5,5,30.5
125,-245,16,5,5,16
135,-245,16,5,5,16
155,-245,16,5,5,16
165,-245,16,5,5,16
175,-245,16,5,5,16
185,-245,45,5,5,45
195,-245,45,5,5,45
205,-245,45,5,5,45
215,-245,45,5,5,45
265,-245,86.49999,5,5,86.49999
275,-245,86.5,5,5,86.5
285,-245,86.5,5,5,86.5
295,-245,86.5,5,5,86.5
315,-245,14,5,5,14
325,-245,14,5,5,14
335,-245,14,5,5,14
345,-245,14,5,5,14
-105,-235,10,5,5,10
-95,-235,10,5,5,10
-84.99999,-235,10,5,5,10
-75,-235,10,5,5,10
-65,-235,42,5,5,42
-55,-235,42,5,5,42
-45,-235,42,5,5,42
-5,-235,14.5,5,5,14.5
5,-235,14.5,5,5,14.5
15,-235,14.5,5,5,14.5
25,-235,12.5,5,5,12.5
35,-235,12.5,5,5,12.5
55,-235,30.5,5,5,30.5
64.99999,-235,30.5,5,5,30.5
75,-235,30.5,5,5,30.5
85,-235,30.5,5,5,30.5
125,-235,16,5,5,16
135,-235,16,5,5,16
145,-235,16,5,5,16
155,-235,16,5,5,16
165,-235,5.5,5,5,5.5
175,-235,5.5,5,5,5.5
195,-235,45,5,5,45
205,-235,45,5,5,45
215,-235,45,5,5,45
265,-235,86.5,5,5,86.5
275,-235,86.49999,5,5,86.49999
285,-235,86.5,5,5,86.5
295,-235,86.49999,5,5,86.49999
315,-235,14,5,5,14
325,-235,14,5,5,14
335,-235,14,5,5,14
345,-235,14,5,5,14
355,-235,14,5,5,14
-285,-225,84.5,5,5,84.5
-275,-225,84.50001,5,5,84.50001
-145,-225,27.5,5,5,27.5
-135,-225,27.5,5,5,27.5
-125,-225,27.5,5,5,27.5
-115,-225,27.5,5,5,27.5
-105,-225,10,5,5,10
-94.99999,-225,10,5,5,10
-85,-225,10,5,5,10
-75,-225,10,5,5,10
-65,-225,42,5,5,42
-55,-225,42,5,5,42
-44.99999,-225,42,5,5,42
-4.999985,-225,14.5,5,5,14.5
5,-225,14.5,5,5,14.5
15,-225,14.5,5,5,14.5
25,-225,14.5,5,5,14.5
35,-225,12.5,5,5,12.5
55.00001,-225,30.5,5,5,30.5
64.99999,-225,30.5,5,5,30.5
74.99999,-225,30.5,5,5,30.5
85,-225,30.5,5,5,30.5
135,-225,5.5,5,5,5.5
145,-225,5.5,5,5,5.5
155,-225,5.5,5,5,5.5
165,-225,5.5,5,5,5.5
175,-225,13,5,5,13
195,-225,1.5,5,5,1.5
205,-225,6.5,5,5,6.5
215,-225,6.5,5,5,6.5
225,-225,6.5,5,5,6.5
235,-225,6.5,5,5,6.5
265,-225,86.5,5,5,86.5
275,-225,86.5,5,5,86.5
285,-225,86.5,5,5,86.5
295,-225,86.5,5,5,86.5
305,-225,86.5,5,5,86.5
325,-225,14,5,5,14
335,-225,14,5,5,14
345,-225,14,5,5,14
355,-225,14,5,5,14
-295,-215,84.5,5,5,84.5
-285,-215,84.5,5,5,84.5
-275,-215,84.5,5,5,84.5
-265,-215,84.5,5,5,84.5
-135,-215,27.5,5,5,27.5
-125,-215,27.5,5,5,27.5
-115,-215,27.5,5,5,27.5
-105,-215,10,5,5,10
-94.99999,-215,10,5,5,10
-85.00001,-215,10,5,5,10
-75,-215,10,5,5,10
-65,-215,42,5,5,42
-55.00001,-215,42,5,5,42
-45,-215,42,5,5,42
-5,-215,14.5,5,5,14.5
5,-215,14.5,5,5,14.5
15,-215,14.5,5,5,14.5
25,-215,14.5,5,5,14.5
35,-215,12.5,5,5,12.5
45,-215,12.5,5,5,12.5
55,-215,30.5,5,5,30.5
65,-215,30.5,5,5,30.5
135,-215,13,5,5,13
145,-215,13,5,5,13
155,-215,13,5,5,13
165,-215,13,5,5,13
175,-215,13,5,5,13
195,-215,1.5,5,5,1.5
205,-215,5.5,5,5,5.5
215,-215,5.5,5,5,5.5
225,-215,5.5,5,5,5.5
235,-215,5.5,5,5,5.5
265,-215,86.5,5,5,86.5
275,-215,86.49999,5,5,86.49999
285,-215,86.5,5,5,86.5
295,-215,86.5,5,5,86.5
305,-215,86.5,5,5,86.5
325,-215,14,5,5,14
335,-215,14,5,5,14
345,-215,14,5,5,14
355,-215,14,5,5,14
415,-215,60.5,5,5,60.5
425,-215,60.5,5,5,60.5
435,-215,60.5,5,5,60.5
445,-215,60.5,5,5,60.5
455,-215,60.5,5,5,60.5
465,-215,60.5,5,5,60.5
475,-215,60.5,5,5,60.5
485,-215,60.5,5,5,60.5
-305,-205,84.5,5,5,84.5
-295,-205,84.5,5,5,84.5
-285,-205,84.5,5,5,84.5
-275,-205,84.5,5,5,84.5
-265,-205,84.5,5,5,84.5
-255,-205,84.5,5,5,84.5
-135,-205,27.5,5,5,27.5
-125,-205,27.5,5,5,27.5
-105,-205,10,5,5,10
-95,-205,10,5,5,10
-85,-205,10,5,5,10
-75.00001,-205,10,5,5,10
-65,-205,42,5,5,42
-55,-205,42,5,5,42
-45,-205,42,5,5,42
-35,-205,42,5,5,42
-5,-205,14.5,5,5,14.5
5,-205,14.5,5,5,14.5
15,-205,14.5,5,5,14.5
25.00001,-205,14.5,5,5,14.5
135,-205,13,5,5,13
145,-205,13,5,5,13
155,-205,13,5,5,13
165,-205,13,5,5,13
175,-205,13,5,5,13
195,-205,1.5,5,5,1.5
205,-205,1.5,5,5,1.5
215,-205,1.5,5,5,1.5
225,-205,8,5,5,8
235,-205,8,5,5,8
275,-205,86.5,5,5,86.5
285,-205,86.5,5,5,86.5
295,-205,86.5,5,5,86.5
305,-205,86.5,5,5,86.5
325,-205,14,5,5,14
335,-205,14,5,5,14
345,-205,14,5,5,14
355,-205,14,5,5,14
405,-205,60.5,5,5,60.5
415,-205,60.5,5,5,60.5
425,-205,60.5,5,5,60.5
435,-205,60.5,5,5,60.5
445,-205,60.5,5,5,60.5
455,-205,60.5,5,5,60.5
465,-205,60.5,5,5,60.5
475,-205,60.5,5,5,60.5
485,-205,60.5,5,5,60.5
-305,-195,84.5,5,5,84.5
-295,-195,84.5,5,5,84.5
-285,-195,84.5,5,5,84.5
-275,-195,84.5,5,5,84.5
-265,-195,84.5,5,5,84.5
-255,-195,84.5,5,5,84.5
-245,-195,84.5,5,5,84.5
-135,-195,1.5,5,5,1.5
-125,-195,1.5,5,5,1.5
-115,-195,1.5,5,5,1.5
-105,-195,1.5,5,5,1.5
-95,-195,10,5,5,10
-85,-195,10,5,5,10
-75.00001,-195,10,5,5,10
-55,-195,42,5,5,42
-45,-195,42,5,5,42
-35,-195,42,5,5,42
15,-195,72.5,5,5,72.5
25.00001,-195,72.49999,5,5,72.49999
35,-195,72.5,5,5,72.5
75,-195,34.5,5,5,34.5
85,-195,34.5,5,5,34.5
95,-195,34.5,5,5,34.5
135,-195,13,5,5,13
145,-195,5,5,5,5
155,-195,5,5,5,5
165,-195,5,5,5,5
175,-195,5,5,5,5
195,-195,1.5,5,5,1.5
205,-195,1.5,5,5,1.5
215,-195,1.5,5,5,1.5
225,-195,8,5,5,8
235,-195,8,5,5,8
275,-195,86.5,5,5,86.5
285,-195,86.5,5,5,86.5
405,-195,60.5,5,5,60.5
415,-195,60.5,5,5,60.5
425,-195,60.5,5,5,60.5
435,-195,60.5,5,5,60.5
445,-195,60.5,5,5,60.5
455,-195,60.5,5,5,60.5
465,-195,60.5,5,5,60.5
475,-195,60.5,5,5,60.5
485,-195,60.5,5,5,60.5
-305,-185,84.5,5,5,84.5
-295,-185,84.5,5,5,84.5
-285,-185,84.5,5,5,84.5
-275,-185,84.49999,5,5,84.49999
-265,-185,84.5,5,5,84.5
-255,-185,84.5,5,5,84.5
-245,-185,84.5,5,5,84.5
-235,-185,84.5,5,5,84.5
-115,-185,1.5,5,5,1.5
-105,-185,1.5,5,5,1.5
-95,-185,10,5,5,10
-85,-185,10,5,5,10
-75,-185,85.5,5,5,85.5
-64.99999,-185,42,5,5,42
-55,-185,42,5,5,42
-45.00001,-185,42,5,5,42
-35.00001,-185,42,5,5,42
-5,-185,72.5,5,5,72.5
5,-185,72.5,5,5,72.5
15,-185,72.5,5,5,72.5
25,-185,72.5,5,5,72.5
35,-185,72.5,5,5,72.5
55,-185,34.5,5,5,34.5
65,-185,34.5,5,5,34.5
75.00001,-185,34.5,5,5,34.5
85,-185,34.5,5,5,34.5
95,-185,34.5,5,5,34.5
145,-185,5,5,5,5
155,-185,5,5,5,5
165,-185,1.5,5,5,1.5
195,-185,1.5,5,5,1.5
205,-185,1.5,5,5,1.5
215,-185,1.5,5,5,1.5
225,-185,1.5,5,5,1.5
235,-185,8,5,5,8
405,-185,60.5,5,5,60.5
415,-185,60.5,5,5,60.5
425,-185,60.5,5,5,60.5
435,-185,60.5,5,5,60.5
445,-185,60.5,5,5,60.5
455,-185,60.5,5,5,60.5
465,-185,60.5,5,5,60.5
475,-185,60.5,5,5,60.5
485,-185,60.5,5,5,60.5
-305,-175,84.5,5,5,84.5
-295,-175,84.5,5,5,84.5
-285,-175,84.5,5,5,84.5
-275,-175,84.5,5,5,84.5
-265,-175,84.5,5,5,84.5
-255,-175,84.5,5,5,84.5
-245,-175,84.5,5,5,84.5
-115,-175,85.5,5,5,85.5
-105,-175,85.5,5,5,85.5
-94.99998,-175,85.5,5,5,85.5
-85,-175,85.5,5,5,85.5
-75,-175,85.5,5,5,85.5
-65,-175,42,5,5,42
-55,-175,42,5,5,42
-45,-175,42,5,5,42
-35,-175,42,5,5,42
5.000015,-175,72.49999,5,5,72.49999
15,-175,72.5,5,5,72.5
25,-175,72.5,5,5,72.5
35,-175,72.5,5,5,72.5
55,-175,34.5,5,5,34.5
65,-175,34.5,5,5,34.5
75,-175,34.5,5,5,34.5
85,-175,34.5,5,5,34.5
95,-175,34.5,5,5,34.5
145,-175,1.5,5,5,1.5
155,-175,1.5,5,5,1.5
165,-175,1.5,5,5,1.5
175,-175,1.5,5,5,1.5
195,-175,1.5,5,5,1.5
205,-175,1.5,5,5,1.5
405,-175,60.5,5,5,60.5
415,-175,60.5,5,5,60.5
425,-175,60.5,5,5,60.5
435,-175,60.5,5,5,60.5
-295,-165,84.5,5,5,84.5
-285,-165,84.5,5,5,84.5
-275,-165,84.50001,5,5,84.50001
-265,-165,84.5,5,5,84.5
-255,-165,84.5,5,5,84.5
-125,-165,85.5,5,5,85.5
-115,-165,85.5,5,5,85.5
-105,-165,85.5,5,5,85.5
-95,-165,85.5,5,5,85.5
-84.99999,-165,85.5,5,5,85.5
-75,-165,85.5,5,5,85.5
-65,-165,85.5,5,5,85.5
-55,-165,42,5,5,42
-45,-165,42,5,5,42
-35,-165,42,5,5,42
5,-165,72.5,5,5,72.5
15,-165,72.5,5,5,72.5
24.99999,-165,72.5,5,5,72.5
35,-165,72.5,5,5,72.5
55.00001,-165,34.5,5,5,34.5
65,-165,34.5,5,5,34.5
75,-165,34.5,5,5,34.5
85,-165,34.5,5,5,34.5
95,-165,34.5,5,5,34.5
105,-165,34.5,5,5,34.5
345,-165,65,5,5,65
355,-165,65,5,5,65
-285,-155,84.5,5,5,84.5
-275,-155,84.5,5,5,84.5
-265,-155,84.5,5,5,84.5
-215,-155,80,5,5,80
-205,-155,80.00001,5,5,80.00001
-125,-155,85.5,5,5,85.5
-115,-155,85.5,5,5,85.5
-105,-155,85.5,5,5,85.5
-95,-155,85.5,5,5,85.5
-85,-155,85.5,5,5,85.5
-75,-155,85.5,5,5,85.5
-65,-155,85.5,5,5,85.5
-55,-155,42,5,5,42
-45,-155,42,5,5,42
-35,-155,42,5,5,42
5,-155,72.5,5,5,72.5
15,-155,72.5,5,5,72.5
25,-155,72.5,5,5,72.5
34.99999,-155,72.5,5,5,72.5
55,-155,34.5,5,5,34.5
65,-155,34.5,5,5,34.5
235,-155,1.5,5,5,1.5
245,-155,1.5,5,5,1.5
285,-155,1.5,5,5,1.5
295,-155,1.5,5,5,1.5
305,-155,1.5,5,5,1.5
335,-155,65,5,5,65
345,-155,65,5,5,65
355,-155,65,5,5,65
365,-155,65,5,5,65
-305,-145,11.5,5,5,11.5
-275,-145,84.5,5,5,84.5
-225,-145,80,5,5,80
-215,-145,80,5,5,80
-205,-145,80,5,5,80
-195,-145,80,5,5,80
-115,-145,85.5,5,5,85.5
-105,-145,85.5,5,5,85.5
-95,-145,85.49999,5,5,85.49999
-85,-145,85.5,5,5,85.5
-75,-145,85.5,5,5,85.5
-65.00001,-145,85.5,5,5,85.5
-55.00001,-145,42,5,5,42
-45,-145,42,5,5,42
-35,-145,42,5,5,42
-25,-145,42,5,5,42
5,-145,72.5,5,5,72.5
175,-145,1.5,5,5,1.5
185,-145,11.5,5,5,11.5
195,-145,11.5,5,5,11.5
205,-145,10,5,5,10
215,-145,1.5,5,5,1.5
225,-145,1.5,5,5,1.5
235,-145,1.5,5,5,1.5
245,-145,1.5,5,5,1.5
285,-145,1.5,5,5,1.5
295,-145,1.5,5,5,1.5
305,-145,1.5,5,5,1.5
315,-145,1.5,5,5,1.5
335,-145,65,5,5,65
345,-145,65.00001,5,5,65.00001
355,-145,65,5,5,65
365,-145,65,5,5,65
-305,-135,11.5,5,5,11.5
-295,-135,11.5,5,5,11.5
-235,-135,80,5,5,80
-225,-135,80,5,5,80
-215,-135,80,5,5,80
-205,-135,80,5,5,80
-195,-135,80,5,5,80
-105,-135,85.5,5,5,85.5
-95,-135,85.5,5,5,85.5
-84.99999,-135,85.5,5,5,85.5
-75.00001,-135,85.5,5,5,85.5
-65,-135,85.5,5,5,85.5
-54.99999,-135,42,5,5,42
-45,-135,42,5,5,42
145,-135,1.5,5,5,1.5
155,-135,1.5,5,5,1.5
165,-135,1.5,5,5,1.5
175,-135,1.5,5,5,1.5
185,-135,11.5,5,5,11.5
195,-135,11.5,5,5,11.5
205,-135,10,5,5,10
215,-135,10,5,5,10
225,-135,1.5,5,5,1.5
235,-135,1.5,5,5,1.5
245,-135,1.5,5,5,1.5
285,-135,1.5,5,5,1.5
295,-135,1.5,5,5,1.5
305,-135,1.5,5,5,1.5
315,-135,1.5,5,5,1.5
335,-135,65,5,5,65
345,-135,65,5,5,65
355,-135,65,5,5,65
365,-135,65,5,5,65
475,-135,1.5,5,5,1.5
485,-135,1.5,5,5,1.5
495,-135,1.5,5,5,1.5
-305,-125,14,5,5,14
-295,-125,11.5,5,5,11.5
-245,-125,80,5,5,80
-235,-125,80,5,5,80
-225,-125,80,5,5,80
-215,-125,80,5,5,80
-205,-125,80,5,5,80
54.99999,-125,6,5,5,6
65,-125,6,5,5,6
75,-125,6,5,5,6
85,-125,6,5,5,6
95,-125,6,5,5,6
145,-125,1.5,5,5,1.5
155,-125,1.5,5,5,1.5
165,-125,1.5,5,5,1.5
175,-125,1.5,5,5,1.5
185,-125,11.5,5,5,11.5
195,-125,11.5,5,5,11.5
205,-125,10,5,5,10
215,-125,10,5,5,10
225,-125,1.5,5,5,1.5
235,-125,1.5,5,5,1.5
245,-125,1.5,5,5,1.5
255,-125,1.5,5,5,1.5
285,-125,1.5,5,5,1.5
295,-125,1.5,5,5,1.5
335,-125,65,5,5,65
345,-125,65,5,5,65
355,-125,65,5,5,65
365,-125,65,5,5,65
425,-125,1.5,5,5,1.5
435,-125,1.5,5,5,1.5
475,-125,1.5,5,5,1.5
485,-125,1.5,5,5,1.5
495,-125,1.5,5,5,1.5
-305,-115,14,5,5,14
-255,-115,80,5,5,80
-245,-115,80,5,5,80
-235,-115,80,5,5,80
-225,-115,80,5,5,80
-215,-115,80,5,5,80
-175,-115,80,5,5,80
-165,-115,80,5,5,80
15,-115,6,5,5,6
25,-115,6,5,5,6
35,-115,6,5,5,6
45,-115,6,5,5,6
55,-115,6,5,5,6
65,-115,6,5,5,6
75,-115,6,5,5,6
85,-115,6,5,5,6
95,-115,6,5,5,6
155,-115,1.5,5,5,1.5
165,-115,34.5,5,5,34.5
175,-115,34.5,5,5,34.5
185,-115,11.5,5,5,11.5
195,-115,11.5,5,5,11.5
205,-115,10,5,5,10
215,-115,10,5,5,10
225,-115,1.5,5,5,1.5
235,-115,1.5,5,5,1.5
245,-115,1.5,5,5,1.5
255,-115,1.5,5,5,1.5
335,-115,65,5,5,65
345,-115,65,5,5,65
355,-115,65,5,5,65
365,-115,65,5,5,65
425,-115,1.5,5,5,1.5
435,-115,1.5,5,5,1.5
445,-115,1.5,5,5,1.5
455,-115,1.5,5,5,1.5
465,-115,1.5,5,5,1.5
475,-115,1.5,5,5,1.5
485,-115,1.5,5,5,1.5
495,-115,1.5,5,5,1.5
-265,-105,80,5,5,80
-255,-105,80,5,5,80
-245,-105,80,5,5,80
-235,-105,80,5,5,80
-225,-105,80.00001,5,5,80.00001
-185,-105,80,5,5,80
-175,-105,80,5,5,80
-165,-105,80,5,5,80
-155,-105,80,5,5,80
-55,-105,1.5,5,5,1.5
-45,-105,59,5,5,59
-35,-105,59,5,5,59
15,-105,6,5,5,6
25.00001,-105,6,5,5,6
35,-105,6,5,5,6
45,-105,6,5,5,6
55,-105,6,5,5,6
65,-105,6,5,5,6
75,-105,6,5,5,6
85,-105,6,5,5,6
155,-105,34.5,5,5,34.5
165,-105,34.5,5,5,34.5
175,-105,34.5,5,5,34.5
185,-105,34.5,5,5,34.5
195,-105,34.5,5,5,34.5
205,-105,10,5,5,10
215,-105,10,5,5,10
225,-105,1.5,5,5,1.5
235,-105,1.5,5,5,1.5
245,-105,1.5,5,5,1.5
255,-105,1.5,5,5,1.5
335,-105,65,5,5,65
345,-105,65,5,5,65
355,-105,65,5,5,65
365,-105,65.00001,5,5,65.00001
375,-105,65,5,5,65
425,-105,1.5,5,5,1.5
445,-105,1.5,5,5,1.5
455,-105,1.5,5,5,1.5
465,-105,1.5,5,5,1.5
475,-105,1.5,5,5,1.5
-275,-95,80,5,5,80
-265,-95,80,5,5,80
-255,-95,80,5,5,80
-245,-95,80,5,5,80
-235,-95,80,5,5,80
-225,-95,80,5,5,80
-195,-94.99998,80,5,5,80
-185,-94.99999,79.99999,5,5,79.99999
-175,-95.00001,80,5,5,80
-165,-95.00001,80,5,5,80
-155,-95.00002,80,5,5,80
-145,-95.00001,80,5,5,80
-65.00001,-95,1.5,5,5,1.5
-55,-95,59,5,5,59
-45,-95,59,5,5,59
-35,-95,59,5,5,59
-25,-95,59,5,5,59
15,-94.99999,6,5,5,6
24.99999,-95,6,5,5,6
35,-95,6,5,5,6
45,-94.99999,6,5,5,6
55,-95,6,5,5,6
65,-95,6,5,5,6
75,-95,6,5,5,6
155,-95,34.5,5,5,34.5
165,-95.00001,34.5,5,5,34.5
175,-95,34.5,5,5,34.5
185,-95,34.5,5,5,34.5
295,-94.99999,1.5,5,5,1.5
305,-95,1.5,5,5,1.5
345,-95,65,5,5,65
355,-95,65,5,5,65
365,-95,65.00001,5,5,65.00001
375,-95,65,5,5,65
455,-94.99999,1.5,5,5,1.5
465,-95,1.5,5,5,1.5
-275,-85,80,5,5,80
-265,-85,80,5,5,80
-255,-85,80,5,5,80
-245,-85,80,5,5,80
-235,-85,80,5,5,80
-205,-85,80,5,5,80
-195,-85,80,5,5,80
-185,-84.99999,80,5,5,80
-175,-85,80,5,5,80
-165,-85.00001,80,5,5,80
-155,-85,80,5,5,80
-145,-85,80,5,5,80
-55,-85.00001,59,5,5,59
-44.99999,-85.00001,59,5,5,59
-35,-85,59,5,5,59
-25,-85,59,5,5,59
15,-85,6,5,5,6
25,-85,6,5,5,6
35,-85,91.5,5,5,91.5
45,-85,91.5,5,5,91.5
55,-85,91.50001,5,5,91.50001
65,-85,91.5,5,5,91.5
75,-85,6,5,5,6
295,-85,1.5,5,5,1.5
305,-85,1.5,5,5,1.5
345,-84.99999,65,5,5,65
355,-85,65,5,5,65
365,-85,65,5,5,65
375,-85,65,5,5,65
-265,-75,80,5,5,80
-255,-75,79.99999,5,5,79.99999
-245,-75,80.00001,5,5,80.00001
-215,-75,80,5,5,80
-205,-75,80,5,5,80
-195,-74.99999,80,5,5,80
-185,-75,80,5,5,80
-175,-75.00001,80,5,5,80
-165,-75.00001,80,5,5,80
-155,-75.00001,80,5,5,80
-55,-75,59,5,5,59
-45,-75,59,5,5,59
-35,-75,59,5,5,59
-24.99998,-75,59,5,5,59
-15,-75.00002,59,5,5,59
25,-75,91.5,5,5,91.5
35,-75,91.5,5,5,91.5
45,-75,91.5,5,5,91.5
55,-75,91.5,5,5,91.5
65,-75,91.5,5,5,91.5
75,-75.00001,91.50001,5,5,91.50001
195,-75,29.5,5,5,29.5
205,-75,29.5,5,5,29.5
215,-75,29.5,5,5,29.5
225,-75,29.5,5,5,29.5
235,-75,29.5,5,5,29.5
245,-74.99999,29.5,5,5,29.5
295,-75,1.5,5,5,1.5
305,-75,1.5,5,5,1.5
345,-74.99999,65,5,5,65
355,-75,65,5,5,65
365,-75,65,5,5,65
375,-75,65,5,5,65
-255,-65,80,5,5,80
-245,-65,80,5,5,80
-215,-65,80,5,5,80
-205,-65,80,5,5,80
-195,-65,80,5,5,80
-185,-65,80.00001,5,5,80.00001
-175,-65,80,5,5,80
-165,-65,80,5,5,80
-45,-65,59,5,5,59
-35.00001,-65,59,5,5,59
-25,-65,59,5,5,59
-15,-65,59,5,5,59
25,-65,91.5,5,5,91.5
35,-65,91.5,5,5,91.5
45,-65,91.5,5,5,91.5
55,-65,91.5,5,5,91.5
65,-65,91.5,5,5,91.5
75,-65,91.5,5,5,91.5
85,-65,91.5,5,5,91.5
175,-65,29.5,5,5,29.5
185,-65,29.5,5,5,29.5
195,-65.00001,29.5,5,5,29.5
205,-65,29.5,5,5,29.5
215,-65,29.5,5,5,29.5
225,-64.99999,29.5,5,5,29.5
235,-65,29.5,5,5,29.5
245,-65,29.5,5,5,29.5
295,-65,1.5,5,5,1.5
305,-65,1.5,5,5,1.5
345,-64.99999,65,5,5,65
355,-65.00001,65,5,5,65
365,-65,65,5,5,65
-255,-55,6,5,5,6
-205,-55.00001,80,5,5,80
-195,-55,80,5,5,80
-185,-55,79.99999,5,5,79.99999
-175,-55,80,5,5,80
-35,-55,59,5,5,59
-25,-55,59,5,5,59
-15,-55,59,5,5,59
25,-55,91.5,5,5,91.5
35,-55,91.5,5,5,91.5
45,-55,91.5,5,5,91.5
54.99999,-55,91.50001,5,5,91.50001
64.99998,-55.00002,91.50001,5,5,91.50001
75,-55,91.50001,5,5,91.50001
85,-55,91.5,5,5,91.5
175,-55,29.5,5,5,29.5
185,-55,29.5,5,5,29.5
195,-55,29.5,5,5,29.5
205,-55,29.5,5,5,29.5
215,-54.99999,29.5,5,5,29.5
225,-55,29.5,5,5,29.5
235,-55,29.5,5,5,29.5
245,-55,29.5,5,5,29.5
255,-55,29.5,5,5,29.5
-305,-45,3.5,5,5,3.5
-265,-45,6,5,5,6
-255,-45.00001,6,5,5,6
-245,-45,6,5,5,6
-195,-45,80,5,5,80
-185,-45,80.00001,5,5,80.00001
-125,-45,12.5,5,5,12.5
-25,-44.99999,59,5,5,59
-15,-45,59,5,5,59
25,-44.99999,91.5,5,5,91.5
35,-44.99999,91.5,5,5,91.5
45,-45,91.5,5,5,91.5
55,-44.99999,91.5,5,5,91.5
65,-45,91.5,5,5,91.5
74.99999,-45,91.50001,5,5,91.50001
85,-45,91.5,5,5,91.5
175,-45,29.5,5,5,29.5
185,-45,29.5,5,5,29.5
195,-45,29.5,5,5,29.5
205,-45,29.5,5,5,29.5
-305,-35,3.5,5,5,3.5
-295,-35,3.5,5,5,3.5
-265,-35,6,5,5,6
-255,-35,6,5,5,6
-245,-35,6,5,5,6
-235,-35,6,5,5,6
-135,-34.99999,12.5,5,5,12.5
-125,-35,12.5,5,5,12.5
-115,-35,12.5,5,5,12.5
-15,-35.00001,59,5,5,59
34.99999,-35,91.5,5,5,91.5
45,-34.99999,91.5,5,5,91.5
55,-35,91.5,5,5,91.5
65,-35,91.5,5,5,91.5
75,-35,91.5,5,5,91.5
345,-35,65,5,5,65
355,-35,65,5,5,65
365,-35,65,5,5,65
375,-35,65,5,5,65
385,-35,65,5,5,65
-305,-25,3.5,5,5,3.5
-295,-25,3.5,5,5,3.5
-285,-25,3.5,5,5,3.5
-255,-25,6,5,5,6
-245,-25.00001,6,5,5,6
-235,-25,6,5,5,6
-225,-25,6,5,5,6
-145,-25,12.5,5,5,12.5
-135,-25,12.5,5,5,12.5
-125,-25,12.5,5,5,12.5
-115,-25,12.5,5,5,12.5
-105,-25,12.5,5,5,12.5
-85,-25,74.5,5,5,74.5
-75,-25,74.5,5,5,74.5
45.00001,-24.99999,91.5,5,5,91.5
55,-24.99999,91.5,5,5,91.5
65,-25,91.5,5,5,91.5
295,-25,1.5,5,5,1.5
305,-25,1.5,5,5,1.5
315,-25,1.5,5,5,1.5
355,-25,65,5,5,65
365,-25,65,5,5,65
375,-24.99999,65,5,5,65
385,-24.99999,65,5,5,65
-305,-15,16,5,5,16
-295,-15,3.5,5,5,3.5
-245,-15.00001,6,5,5,6
-235,-15,6,5,5,6
-225,-15,6,5,5,6
-155,-14.99999,12.5,5,5,12.5
-145,-15,12.5,5,5,12.5
-135,-15,12.5,5,5,12.5
-125,-15,12.5,5,5,12.5
-115,-15,12.5,5,5,12.5
-105,-15,12.5,5,5,12.5
-95,-15,74.5,5,5,74.5
-85,-15,74.5,5,5,74.5
-75,-15,74.5,5,5,74.5
-65,-15,74.5,5,5,74.5
205,-15,79.5,5,5,79.5
215,-15,79.5,5,5,79.5
225,-15,79.50001,5,5,79.50001
235,-15,79.50001,5,5,79.50001
245,-15,79.5,5,5,79.5
255,-15,79.5,5,5,79.5
305,-15,1.5,5,5,1.5
315,-15,1.5,5,5,1.5
355,-15,65,5,5,65
365,-14.99999,65,5,5,65
375,-15,65,5,5,65
385,-14.99999,65,5,5,65
-305,-4.999998,16,5,5,16
-275,-5,91.5,5,5,91.5
-265,-5.000002,91.5,5,5,91.5
-235,-5,6,5,5,6
-145,-4.999994,12.5,5,5,12.5
-135,-4.999996,12.5,5,5,12.5
-125,-4.999998,12.5,5,5,12.5
-115,-5.000002,12.5,5,5,12.5
-105,-5,74.5,5,5,74.5
-95,-5,74.5,5,5,74.5
-85.00001,-5,74.49999,5,5,74.49999
-75,-5.000002,74.5,5,5,74.5
-65.00001,-5,74.5,5,5,74.5
-55,-5.000002,74.5,5,5,74.5
185,-4.999998,79.5,5,5,79.5
195,-4.999998,79.5,5,5,79.5
205,-4.999998,79.5,5,5,79.5
215,-4.999998,79.5,5,5,79.5
225,-4.999998,79.5,5,5,79.5
235,-4.999998,79.5,5,5,79.5
245,-4.999998,79.5,5,5,79.5
255,-5.000002,79.49999,5,5,79.49999
305,-4.999998,1.5,5,5,1.5
315,-5,1.5,5,5,1.5
355,-5.000002,65,5,5,65
365,-4.999996,65,5,5,65
375,-5.000004,65,5,5,65
385,-4.999994,65,5,5,65
-285,4.999998,91.5,5,5,91.5
-275,4.999999,91.5,5,5,91.5
-265,5,91.5,5,5,91.5
-255,4.999998,91.5,5,5,91.5
-175,4.999999,74.50001,5,5,74.50001
-165,4.999998,74.5,5,5,74.5
-135,5.00001,12.5,5,5,12.5
-125,5,12.5,5,5,12.5
-105,5.000002,74.5,5,5,74.5
-95,5,74.5,5,5,74.5
-85,5,74.5,5,5,74.5
-75,4.999998,74.5,5,5,74.5
-65,4.999999,74.5,5,5,74.5
-55,5,74.5,5,5,74.5
-45,5.000002,74.5,5,5,74.5
95,5,70,5,5,70
105,5,70,5,5,70
115,5,70,5,5,70
125,5,70,5,5,70
195,5,79.5,5,5,79.5
205,5,79.5,5,5,79.5
215,5.000002,79.5,5,5,79.5
225,4.999998,79.5,5,5,79.5
235,5,79.5,5,5,79.5
245,5,79.5,5,5,79.5
255,5.000001,79.5,5,5,79.5
305,5,1.5,5,5,1.5
315,5,1.5,5,5,1.5
355,5,65,5,5,65
365,5.000002,65,5,5,65
375,4.999994,65,5,5,65
385,4.999998,65,5,5,65
-295,15,91.5,5,5,91.5
-285,15,91.5,5,5,91.5
-275,15,91.49999,5,5,91.49999
-265,15,91.5,5,5,91.5
-255,15,91.5,5,5,91.5
-245,15,91.5,5,5,91.5
-185,15,74.5,5,5,74.5
-175,15,74.5,5,5,74.5
-165,14.99999,74.5,5,5,74.5
-155,15,74.5,5,5,74.5
-95,15,74.5,5,5,74.5
-85,15,74.5,5,5,74.5
-75,15,74.5,5,5,74.5
-65,15,74.5,5,5,74.5
-54.99999,15,74.5,5,5,74.5
-45.00001,15.00001,74.50001,5,5,74.50001
85,15,70,5,5,70
95,15,70,5,5,70
105,15,70,5,5,70
115,15,70,5,5,70
125,15,70,5,5,70
195,15,79.5,5,5,79.5
205,15,79.5,5,5,79.5
215,15,79.5,5,5,79.5
225,15,79.5,5,5,79.5
235,15,79.5,5,5,79.5
245,15,79.5,5,5,79.5
255,15,79.5,5,5,79.5
355,15,65,5,5,65
365,15,65,5,5,65
375,15.00001,65,5,5,65
385,15,65,5,5,65
395,15,65,5,5,65
-305,25,91.5,5,5,91.5
-295,25,91.5,5,5,91.5
-285,25,91.5,5,5,91.5
-275,25,91.5,5,5,91.5
-265,25,91.5,5,5,91.5
-255,25,91.5,5,5,91.5
-245,25,91.5,5,5,91.5
-195,25,74.5,5,5,74.5
-185,25,74.5,5,5,74.5
-175,25,74.50001,5,5,74.50001
-165,25,74.5,5,5,74.5
-155,25,74.5,5,5,74.5
-145,25,74.5,5,5,74.5
-85,25,74.5,5,5,74.5
-75,25,74.5,5,5,74.5
-65,25,74.5,5,5,74.5
-55,25,74.5,5,5,74.5
85,25,70,5,5,70
95,25,70,5,5,70
105,24.99999,70,5,5,70
115,25,70,5,5,70
125,25,70,5,5,70
195,25,79.5,5,5,79.5
205,25,79.49999,5,5,79.49999
215,25,79.5,5,5,79.5
225,25,79.50001,5,5,79.50001
235,25,79.5,5,5,79.5
245,25,79.5,5,5,79.5
355,25.00001,65,5,5,65
365,25.00001,65,5,5,65
375,25,65,5,5,65
385,25,65,5,5,65
395,25,65,5,5,65
-305,35,91.5,5,5,91.5
-295,35,91.50001,5,5,91.50001
-285,35,91.5,5,5,91.5
-275,35,91.49999,5,5,91.49999
-265,35,91.5,5,5,91.5
-255,35,91.5,5,5,91.5
-205,35,74.5,5,5,74.5
-195,35,74.5,5,5,74.5
-185,35,74.5,5,5,74.5
-175,35,74.5,5,5,74.5
-165,35,74.5,5,5,74.5
-155,34.99999,74.5,5,5,74.5
-145,35,74.5,5,5,74.5
-75,35,74.5,5,5,74.5
-65,35,74.5,5,5,74.5
-15,35,41.5,5,5,41.5
85,35,70,5,5,70
95,35,70,5,5,70
105,35,70,5,5,70
115,35,70,5,5,70
125,35,70,5,5,70
135,35,70,5,5,70
175,35,1.5,5,5,1.5
185,35,1.5,5,5,1.5
205,35,79.5,5,5,79.5
215,35,79.5,5,5,79.5
235,35,1.5,5,5,1.5
325,35,1.5,5,5,1.5
335,35,1.5,5,5,1.5
345,35,1.5,5,5,1.5
355,35.00001,65,5,5,65
365,35.00002,65,5,5,65
375,35,65,5,5,65
385,35,65,5,5,65
395,35,65,5,5,65
-295,45,91.5,5,5,91.5
-285,45,91.5,5,5,91.5
-275,45,91.5,5,5,91.5
-265,45,91.5,5,5,91.5
-205,45,74.5,5,5,74.5
-195,45,74.5,5,5,74.5
-185,45,74.5,5,5,74.5
-175,45,74.5,5,5,74.5
-165,45,74.5,5,5,74.5
-155,45,74.5,5,5,74.5
-25,45,41.5,5,5,41.5
-15,45.00001,41.5,5,5,41.5
-5,45,41.5,5,5,41.5
85,45,70,5,5,70
95,45,70,5,5,70
105,45,69.99999,5,5,69.99999
115,45,70,5,5,70
125,45,70,5,5,70
135,45,70,5,5,70
175,45,1.5,5,5,1.5
185,45,1.5,5,5,1.5
195,45,1.5,5,5,1.5
205,45,1.5,5,5,1.5
215,45,1.5,5,5,1.5
235,45,1.5,5,5,1.5
245,45,5,5,5,5
255,45,5,5,5,5
265,45,5,5,5,5
275,45,5,5,5,5
315,45,1.5,5,5,1.5
325,45,1.5,5,5,1.5
335,45,1.5,5,5,1.5
345,45,1.5,5,5,1.5
365,44.99998,65,5,5,65
375,45,65,5,5,65
385,45,65,5,5,65
395,45,65,5,5,65
-285,55,91.5,5,5,91.5
-275,55,91.5,5,5,91.5
-225,55,58.5,5,5,58.5
-215,55.00001,58.5,5,5,58.5
-195,55.00001,74.5,5,5,74.5
-185,55,74.5,5,5,74.5
-175,55,74.5,5,5,74.5
-165,55,74.5,5,5,74.5
-35.00002,55.00001,41.5,5,5,41.5
-25.00002,55,41.5,5,5,41.5
-15,55,41.5,5,5,41.5
-5,55,41.5,5,5,41.5
5,55,41.5,5,5,41.5
85,55.00001,70,5,5,70
95,55,70,5,5,70
105,55,70,5,5,70
115,55,70,5,5,70
175,55,1.5,5,5,1.5
185,55,1.5,5,5,1.5
195,55,1.5,5,5,1.5
205,55,1.5,5,5,1.5
215,55,1.5,5,5,1.5
235,55,1.5,5,5,1.5
245,55,1.5,5,5,1.5
255,55,5,5,5,5
265,55,4,5,5,4
275,55,4,5,5,4
315,55,1.5,5,5,1.5
325,55,1.5,5,5,1.5
335,55,1.5,5,5,1.5
345,55.00001,1.5,5,5,1.5
385,55,65,5,5,65
395,55,65,5,5,65
-235,65,58.5,5,5,58.5
-225,65.00001,58.5,5,5,58.5
-215,65.00001,58.5,5,5,58.5
-205,65.00001,58.5,5,5,58.5
-185,65.00001,74.5,5,5,74.5
-175,65,74.5,5,5,74.5
-35.00001,65.00001,41.5,5,5,41.5
-25,65,41.5,5,5,41.5
-15,65,41.5,5,5,41.5
-5,65,41.5,5,5,41.5
5,65,41.5,5,5,41.5
15,65.00001,41.5,5,5,41.5
115,65,7.5,5,5,7.5
125,65,7.5,5,5,7.5
135,65,7.5,5,5,7.5
175,65.00001,1.5,5,5,1.5
185,65,1.5,5,5,1.5
195,65,1.5,5,5,1.5
215,65,1.5,5,5,1.5
225,65,1.5,5,5,1.5
235,65.00001,1.5,5,5,1.5
245,65,1.5,5,5,1.5
255,65,5.5,5,5,5.5
265,65,1.5,5,5,1.5
275,65.00001,4,5,5,4
315,65,1.5,5,5,1.5
325,65,1.5,5,5,1.5
335,65,1.5,5,5,1.5
-245,75,58.5,5,5,58.5
-235,75,58.5,5,5,58.5
-225,75.00001,58.5,5,5,58.5
-215,75,58.5,5,5,58.5
-205,75,58.5,5,5,58.5
-195,75,58.5,5,5,58.5
-165,75.00001,52.5,5,5,52.5
-155,74.99998,52.5,5,5,52.5
-55,74.99999,41.5,5,5,41.5
-45,75.00001,41.5,5,5,41.5
-35.00001,75,41.5,5,5,41.5
-25,75,41.5,5,5,41.5
-15,75,41.5,5,5,41.5
-5,75.00001,41.5,5,5,41.5
15,75,41.5,5,5,41.5
25,75,41.5,5,5,41.5
115,75,7.5,5,5,7.5
125,75,7.5,5,5,7.5
135,75,7.5,5,5,7.5
185,75,15.5,5,5,15.5
205,75,7,5,5,7
215,75,1.5,5,5,1.5
225,75,1.5,5,5,1.5
235,75,1.5,5,5,1.5
245,75,1.5,5,5,1.5
255,75.00001,5.5,5,5,5.5
265,75,1.5,5,5,1.5
275,75,4,5,5,4
285,75,4,5,5,4
-255,85,58.5,5,5,58.5
-245,85,58.5,5,5,58.5
-235,85,58.5,5,5,58.5
-225,85,58.5,5,5,58.5
-215,85,58.5,5,5,58.5
-205,85,58.5,5,5,58.5
-195,85,58.5,5,5,58.5
-185,85,58.5,5,5,58.5
-175,85,52.5,5,5,52.5
-165,84.99998,52.5,5,5,52.5
-155,84.99999,52.5,5,5,52.5
-145,84.99998,52.5,5,5,52.5
-65,84.99999,41.5,5,5,41.5
-55.00001,85,41.5,5,5,41.5
-45,85,41.5,5,5,41.5
-35,85,41.5,5,5,41.5
-25,84.99999,41.5,5,5,41.5
-15,85,41.5,5,5,41.5
-5,85,41.5,5,5,41.5
25,85,41.5,5,5,41.5
35,85,41.5,5,5,41.5
115,85,7.5,5,5,7.5
125,85,7.5,5,5,7.5
135,85,7.5,5,5,7.5
145,85,7.5,5,5,7.5
185,85,15.5,5,5,15.5
195,85,15.5,5,5,15.5
205,85,7,5,5,7
215,85,1.5,5,5,1.5
225,85,1.5,5,5,1.5
235,85,1.5,5,5,1.5
245,85,1.5,5,5,1.5
-245,95,58.5,5,5,58.5
-235,95,58.5,5,5,58.5
-225,95,58.5,5,5,58.5
-215,95,58.5,5,5,58.5
-205,95,58.5,5,5,58.5
-185,94.99999,52.5,5,5,52.5
-175,95,52.5,5,5,52.5
-165,94.99999,52.5,5,5,52.5
-155,94.99999,52.5,5,5,52.5
-145,95,52.5,5,5,52.5
-135,95,52.5,5,5,52.5
-75,95,41.5,5,5,41.5
-65,95,41.5,5,5,41.5
-55,95,41.5,5,5,41.5
-45,95,41.5,5,5,41.5
-35,95,41.5,5,5,41.5
-25,95,41.5,5,5,41.5
-15,95,41.5,5,5,41.5
-5,95,41.5,5,5,41.5
25,95,41.5,5,5,41.5
35,95,41.5,5,5,41.5
45,95,41.5,5,5,41.5
-235,105,58.5,5,5,58.5
-225,105,58.5,5,5,58.5
-215,105,58.5,5,5,58.5
-195,105,52.5,5,5,52.5
-185,105,52.5,5,5,52.5
-175,105,52.5,5,5,52.5
-165,105,52.5,5,5,52.5
-155,105,52.5,5,5,52.5
-145,105,52.5,5,5,52.5
-135,105,52.5,5,5,52.5
-85.00001,105,41.5,5,5,41.5
-75,105,41.5,5,5,41.5
-65,105,41.5,5,5,41.5
-55,105,41.5,5,5,41.5
-45,105,41.5,5,5,41.5
-34.99999,105,41.5,5,5,41.5
-25,105,41.5,5,5,41.5
-15,105,41.5,5,5,41.5
35,105,41.5,5,5,41.5
45,105,41.5,5,5,41.5
54.99999,105,41.5,5,5,41.5
375,105,87,5,5,87
385,105,87,5,5,87
395,105,87,5,5,87
405,105,87,5,5,87
415,105,87,5,5,87
-295,115,98.49999,5,5,98.49999
-285,115,98.49999,5,5,98.49999
-275,115,98.5,5,5,98.5
-225,115,58.5,5,5,58.5
-205,115,52.5,5,5,52.5
-195,115,52.5,5,5,52.5
-185,115,52.49999,5,5,52.49999
-175,115,52.5,5,5,52.5
-165,115,52.5,5,5,52.5
-155,115,52.5,5,5,52.5
-145,115,52.5,5,5,52.5
-75,115,41.5,5,5,41.5
-65,115,41.5,5,5,41.5
-55,115,41.5,5,5,41.5
-45,115,41.5,5,5,41.5
-35,115,41.5,5,5,41.5
-25,115,41.5,5,5,41.5
-15,115,46.5,5,5,46.5
35,115,41.5,5,5,41.5
45,115,41.5,5,5,41.5
55,115,41.5,5,5,41.5
325,115,8.5,5,5,8.5
335,115,8.5,5,5,8.5
345,115,8.5,5,5,8.5
355,115,8.5,5,5,8.5
375,115,87,5,5,87
385,115,87,5,5,87
395,115,87,5,5,87
405,115,87,5,5,87
415,115,87,5,5,87
-305,125,98.5,5,5,98.5
-295,125,98.5,5,5,98.5
-285,125,98.50001,5,5,98.50001
-275,125,98.5,5,5,98.5
-215,125,52.5,5,5,52.5
-205,125,52.5,5,5,52.5
-195,125,52.5,5,5,52.5
-185,125,52.5,5,5,52.5
-175,125,52.5,5,5,52.5
-165,125,52.5,5,5,52.5
-155,125,52.5,5,5,52.5
-75,125,12.5,5,5,12.5
-65,125,41.5,5,5,41.5
-55,125,41.5,5,5,41.5
-45.00001,125,41.5,5,5,41.5
-35,125,41.5,5,5,41.5
-15,125,46.5,5,5,46.5
-5,125,46.5,5,5,46.5
25.00001,125,41.5,5,5,41.5
35,125,41.5,5,5,41.5
45,125,41.5,5,5,41.5
275,125,41.5,5,5,41.5
285,125,41.5,5,5,41.5
325,125,8.5,5,5,8.5
335,125,8.5,5,5,8.5
345,125,8.5,5,5,8.5
355,125,8.5,5,5,8.5
375,125,87,5,5,87
385,125,86.99999,5,5,86.99999
395,125,87,5,5,87
405,125,87,5,5,87
415,125,87,5,5,87
-305,135,98.5,5,5,98.5
-295,135,98.5,5,5,98.5
-285,135,98.5,5,5,98.5
-275,135,98.5,5,5,98.5
-265,135,98.5,5,5,98.5
-205,135,52.5,5,5,52.5
-195,135,52.5,5,5,52.5
-185,135,52.5,5,5,52.5
-175,135,52.5,5,5,52.5
-165,135,52.5,5,5,52.5
-85,135,12.5,5,5,12.5
-65,135,12.5,5,5,12.5
-55,135,41.5,5,5,41.5
-45,135,41.5,5,5,41.5
-25,135,46.5,5,5,46.5
-15,135,46.5,5,5,46.5
-5,135,46.5,5,5,46.5
5,135,46.5,5,5,46.5
25,135,41.5,5,5,41.5
35,135,41.5,5,5,41.5
85,135,6,5,5,6
205,135,41.5,5,5,41.5
215,135,41.5,5,5,41.5
225,135,41.5,5,5,41.5
235,135,41.5,5,5,41.5
245,135,41.5,5,5,41.5
255,135,41.5,5,5,41.5
265,135,41.5,5,5,41.5
275,135,41.5,5,5,41.5
285,135,41.5,5,5,41.5
295,135,41.5,5,5,41.5
325,135,8.5,5,5,8.5
335,135,8.5,5,5,8.5
345,135,8.5,5,5,8.5
355,135,8.5,5,5,8.5
365,135,8.5,5,5,8.5
375,135,87,5,5,87
385,135,86.99999,5,5,86.99999
395,135,87,5,5,87
405,135,87,5,5,87
415,135,87,5,5,87
-305,145,98.5,5,5,98.5
-295,145,98.5,5,5,98.5
-285,145,98.5,5,5,98.5
-275,145,98.5,5,5,98.5
-255,145,22,5,5,22
-245,145,22,5,5,22
-195,145,52.5,5,5,52.5
-185,145,52.5,5,5,52.5
-175,145,52.5,5,5,52.5
-95,145,12.5,5,5,12.5
-55,145,12.5,5,5,12.5
-45.00001,145,46.5,5,5,46.5
-35,145,46.5,5,5,46.5
-25,145,46.5,5,5,46.5
-15,145,46.5,5,5,46.5
-5,145,46.5,5,5,46.5
5,145,46.5,5,5,46.5
15,145,46.5,5,5,46.5
75,145,1.5,5,5,1.5
85,145,6,5,5,6
95,145,6,5,5,6
195,145,41.5,5,5,41.5
205,145,41.5,5,5,41.5
215,145,41.5,5,5,41.5
225,145,41.5,5,5,41.5
235,145,41.5,5,5,41.5
245,145,41.5,5,5,41.5
255,145,41.5,5,5,41.5
265,145,41.5,5,5,41.5
275,145,41.5,5,5,41.5
285,145,41.5,5,5,41.5
295,145,41.5,5,5,41.5
325,145,8.5,5,5,8.5
335,145,8.5,5,5,8.5
365,145,8.5,5,5,8.5
375,145,87,5,5,87
385,145,87,5,5,87
395,145,87,5,5,87
405,145,87,5,5,87
415,145,87,5,5,87
-305,155,98.5,5,5,98.5
-295,155,98.50002,5,5,98.50002
-285,155,98.5,5,5,98.5
-265,155,22,5,5,22
-255,155,22,5,5,22
-245,155,22,5,5,22
-235,155,22,5,5,22
-185,155,52.5,5,5,52.5
-115,155,77,5,5,77
-105,155,77,5,5,77
-95,155,77,5,5,77
-85,155,12.5,5,5,12.5
-65,155,12.5,5,5,12.5
-45,155,46.5,5,5,46.5
-35,155,46.5,5,5,46.5
-25,155,46.5,5,5,46.5
-15,155,46.5,5,5,46.5
-5,155,46.5,5,5,46.5
5,155,46.5,5,5,46.5
65,155,1.5,5,5,1.5
75,155,1.5,5,5,1.5
85,155,1.5,5,5,1.5
95,155,6,5,5,6
105,155,6,5,5,6
195,155,41.5,5,5,41.5
205,155,41.5,5,5,41.5
215,155,41.5,5,5,41.5
225,155,41.5,5,5,41.5
235,155,41.5,5,5,41.5
245,155,41.5,5,5,41.5
255,155,41.5,5,5,41.5
265,155,41.5,5,5,41.5
275,155,41.5,5,5,41.5
285,155,41.5,5,5,41.5
295,155,41.5,5,5,41.5
315,155,8.5,5,5,8.5
325,155,8.5,5,5,8.5
335,155,8.5,5,5,8.5
365,155,8.5,5,5,8.5
375,155,87,5,5,87
385,155,87.00001,5,5,87.00001
395,155,87,5,5,87
405,155,87,5,5,87
415,155,87,5,5,87
-305,165,98.5,5,5,98.5
-295,165,98.5,5,5,98.5
-275,165,22,5,5,22
-265,165,22,5,5,22
-255,165,22,5,5,22
-245,165,22,5,5,22
-235,165,22,5,5,22
-225,165,22,5,5,22
-125,165,77,5,5,77
-115,165,77,5,5,77
-105,165,77,5,5,77
-95,165,77,5,5,77
-85.00001,165,77,5,5,77
-75.00001,165,12.5,5,5,12.5
-65,165,75.5,5,5,75.5
-55,165,75.5,5,5,75.5
-45,165,46.5,5,5,46.5
-35,165,46.5,5,5,46.5
-25,165,46.5,5,5,46.5
-15,165,46.5,5,5,46.5
-5,165,46.5,5,5,46.5
54.99999,165,1.5,5,5,1.5
65,165,1.5,5,5,1.5
75,165,1.5,5,5,1.5
85,165,1.5,5,5,1.5
95,165,1.5,5,5,1.5
105,165,6,5,5,6
115,165,6,5,5,6
195,165,41.5,5,5,41.5
205,165,41.5,5,5,41.5
215,165,41.5,5,5,41.5
225,165,41.5,5,5,41.5
235,165,41.5,5,5,41.5
245,165,41.5,5,5,41.5
255,165,41.5,5,5,41.5
265,165,41.5,5,5,41.5
275,165,41.5,5,5,41.5
285,165,41.5,5,5,41.5
295,165,41.5,5,5,41.5
315,165,8.5,5,5,8.5
325,165,8.5,5,5,8.5
335,165,8.5,5,5,8.5
345,165,8.5,5,5,8.5
355,165,8.5,5,5,8.5
365,165,8.5,5,5,8.5
385,165,87,5,5,87
395,165,87,5,5,87
405,165,87,5,5,87
415,165,87,5,5,87
-305,175,22,5,5,22
-285,175,22,5,5,22
-275,175,22,5,5,22
-265,175,22,5,5,22
-255,175,22,5,5,22
-245,175,22,5,5,22
-235,175,22,5,5,22
-225,175,22,5,5,22
-215,175,22,5,5,22
-135,175,77,5,5,77
-125,175,77,5,5,77
-115,175,77,5,5,77
-105,175,77,5,5,77
-94.99999,175,77,5,5,77
-84.99999,175,77,5,5,77
-75,175,77,5,5,77
-65,175,75.5,5,5,75.5
-55,175,75.5,5,5,75.5
-45,175,75.5,5,5,75.5
-35,175,46.5,5,5,46.5
-25,175,46.5,5,5,46.5
-15,175,46.5,5,5,46.5
45,175,1.5,5,5,1.5
55.00001,175,1.5,5,5,1.5
65.00002,175,1.5,5,5,1.5
75,175,1.5,5,5,1.5
85,175,1.5,5,5,1.5
95.00001,175,1.5,5,5,1.5
105,175,1.5,5,5,1.5
115,175,6,5,5,6
125,175,6,5,5,6
205,175,41.5,5,5,41.5
215,175,41.5,5,5,41.5
225,175,41.5,5,5,41.5
235,175,41.5,5,5,41.5
245,175,41.5,5,5,41.5
255,175,41.5,5,5,41.5
265,175,41.5,5,5,41.5
275,175,41.5,5,5,41.5
285,175,41.5,5,5,41.5
295,175,41.5,5,5,41.5
315,175,8.5,5,5,8.5
325,175,8.5,5,5,8.5
335,175,8.5,5,5,8.5
345,175,8.499999,5,5,8.499999
355,175,8.5,5,5,8.5
365,175,8.5,5,5,8.5
395,175,86.99999,5,5,86.99999
405,175,87,5,5,87
415,175,87,5,5,87
425,175,87,5,5,87
-295,185,22,5,5,22
-285,185,22,5,5,22
-275,185,22,5,5,22
-265,185,22,5,5,22
-255,185,22,5,5,22
-245,185,22,5,5,22
-235,185,22,5,5,22
-225,185,22,5,5,22
-215,185,22,5,5,22
-135,185,77,5,5,77
-125,185,77,5,5,77
-115,185,77,5,5,77
-105,185,77,5,5,77
-95,185,77,5,5,77
-85,185,77,5,5,77
-75,185,77,5,5,77
-65,185,77.00001,5,5,77.00001
-55,185,75.5,5,5,75.5
-25,185,46.5,5,5,46.5
55,185,1.5,5,5,1.5
65,185,1.5,5,5,1.5
74.99999,185,1.5,5,5,1.5
85,185,1.5,5,5,1.5
95.00001,185,1.5,5,5,1.5
105,185,1.5,5,5,1.5
115,185,1.5,5,5,1.5
125,185,6,5,5,6
135,185,6,5,5,6
215,185,41.5,5,5,41.5
225,185,41.5,5,5,41.5
235,185,41.5,5,5,41.5
245,185,41.5,5,5,41.5
255,185,41.5,5,5,41.5
265,185,41.5,5,5,41.5
275,185,41.5,5,5,41.5
285,185,41.5,5,5,41.5
295,185,41.5,5,5,41.5
305,185,41.5,5,5,41.5
315,185,8.5,5,5,8.5
325,185,8.5,5,5,8.5
335,185,8.5,5,5,8.5
345,185,8.5,5,5,8.5
355,185,8.499999,5,5,8.499999
365,185,8.5,5,5,8.5
-285,195,22,5,5,22
-275,195,22,5,5,22
-265,195,22,5,5,22
-255,195,22,5,5,22
-245,195,22,5,5,22
-235,195,22,5,5,22
-225,195,22,5,5,22
-125,195,77,5,5,77
-115,195,77,5,5,77
-105,195,77,5,5,77
-95,195,77,5,5,77
-85.00001,195,77,5,5,77
-75,195,77,5,5,77
-65,195,77,5,5,77
25.00002,195,1.5,5,5,1.5
65,195,1.5,5,5,1.5
75,195,1.5,5,5,1.5
85,195,1.5,5,5,1.5
95,195,1.5,5,5,1.5
105,195,1.5,5,5,1.5
115,195,1.5,5,5,1.5
125,195,1.5,5,5,1.5
135,195,6,5,5,6
145,195,6,5,5,6
225,195,41.5,5,5,41.5
235,195,41.5,5,5,41.5
245,195,41.5,5,5,41.5
255,195,41.5,5,5,41.5
265,195,41.5,5,5,41.5
275,195,41.5,5,5,41.5
285,195,41.5,5,5,41.5
295,195,41.5,5,5,41.5
305,195,41.5,5,5,41.5
325,195,8.5,5,5,8.5
335,195,8.5,5,5,8.5
345,195,8.5,5,5,8.5
355,195,8.5,5,5,8.5
365,195,8.5,5,5,8.5
-275,205,22,5,5,22
-265,205,22,5,5,22
-255,205,22,5,5,22
-245,205,22,5,5,22
-235,205,22,5,5,22
-115,205,77,5,5,77
-105,205,77,5,5,77
-95,205,77,5,5,77
-85,205,77,5,5,77
-75,205,77,5,5,77
-65,205,77,5,5,77
15,205,1.5,5,5,1.5
25.00002,205,1.5,5,5,1.5
35,205,1.5,5,5,1.5
74.99999,205,1.5,5,5,1.5
85,205,1.5,5,5,1.5
95,205,1.5,5,5,1.5
105,205,1.5,5,5,1.5
115,205,1.5,5,5,1.5
125,205,1.5,5,5,1.5
135,205,1.5,5,5,1.5
145,205,6,5,5,6
155,205,6,5,5,6
235,205,41.5,5,5,41.5
245,205,41.5,5,5,41.5
255,205,41.5,5,5,41.5
265,205,41.5,5,5,41.5
275,205,41.5,5,5,41.5
285,205,41.5,5,5,41.5
295,205,41.5,5,5,41.5
305,205,41.5,5,5,41.5
325,205,8.5,5,5,8.5
335,205,8.5,5,5,8.5
345,205,8.5,5,5,8.5
355,205,8.5,5,5,8.5
405,205,2.078876,5,5,2.078876
-265,215,22,5,5,22
-255,215,22,5,5,22
-245,215,22,5,5,22
-105,215,77,5,5,77
-95,215,77,5,5,77
-85,215,77,5,5,77
-75,215,76.99999,5,5,76.99999
5.000015,215,1.5,5,5,1.5
15.00002,215,1.5,5,5,1.5
25.00002,215,1.5,5,5,1.5
35.00001,215,1.5,5,5,1.5
45.00002,215,1.5,5,5,1.5
85,215,1.5,5,5,1.5
95,215,1.5,5,5,1.5
105,215,1.5,5,5,1.5
115,215,1.5,5,5,1.5
125,215,1.5,5,5,1.5
135,215,1.5,5,5,1.5
145,215,1.5,5,5,1.5
245,215,41.5,5,5,41.5
255,215,41.5,5,5,41.5
265,215,41.5,5,5,41.5
275,215,41.5,5,5,41.5
285,215,41.5,5,5,41.5
295,215,41.5,5,5,41.5
305,215,41.5,5,5,41.5
325,215,8.5,5,5,8.5
335,215,8.5,5,5,8.5
345,215,8.5,5,5,8.5
-185,225,69,5,5,69
-175,225,69,5,5,69
-95,225,77.00001,5,5,77.00001
-85,225,77,5,5,77
5.000015,225,1.5,5,5,1.5
15.00002,225,1.5,5,5,1.5
25.00002,225,1.5,5,5,1.5
35.00002,225,1.5,5,5,1.5
45.00001,225,1.5,5,5,1.5
55.00002,225,1.5,5,5,1.5
95,225,1.5,5,5,1.5
105,225,1.5,5,5,1.5
115,225,1.5,5,5,1.5
125,225,1.5,5,5,1.5
135,225,1.5,5,5,1.5
255,225,41.5,5,5,41.5
265,225,41.5,5,5,41.5
275,225,41.5,5,5,41.5
285,225,41.5,5,5,41.5
295,225,41.5,5,5,41.5
305,225,41.5,5,5,41.5
335,225,8.5,5,5,8.5
-185,235,69,5,5,69
-175,235,69,5,5,69
-165,235,69,5,5,69
15,235,1.5,5,5,1.5
25,235,1.5,5,5,1.5
35.00001,235,1.5,5,5,1.5
45.00001,235,1.5,5,5,1.5
55.00001,235,1.5,5,5,1.5
65.00001,235,1.5,5,5,1.5
105,235,1.5,5,5,1.5
115,235,1.5,5,5,1.5
125,235,1.5,5,5,1.5
175,235,30,5,5,30
185,235,30,5,5,30
265,235,41.5,5,5,41.5
275,235,41.5,5,5,41.5
285,235,41.5,5,5,41.5
295,235,41.5,5,5,41.5
305,235,41.5,5,5,41.5
-185,245,69.00001,5,5,69.00001
-175,245,69,5,5,69
-165,245,69,5,5,69
-155,245,69,5,5,69
25,245,1.5,5,5,1.5
35.00001,245,1.5,5,5,1.5
45,245,1.5,5,5,1.5
55,245,1.5,5,5,1.5
65.00001,245,1.5,5,5,1.5
75,245,1.5,5,5,1.5
115,245,1.5,5,5,1.5
165,245,30,5,5,30
175,245,30,5,5,30
185,245,30,5,5,30
195,245,30,5,5,30
275,245,41.5,5,5,41.5
285,245,41.5,5,5,41.5
295,245,41.5,5,5,41.5
305,245,41.5,5,5,41.5
315,245,41.5,5,5,41.5
-195,255,69,5,5,69
-185,255,69,5,5,69
-175,255,69,5,5,69
-165,255,69,5,5,69
-155,255,69,5,5,69
-145,255,69,5,5,69
35.00001,255,1.5,5,5,1.5
45,255,1.5,5,5,1.5
55,255,1.5,5,5,1.5
65,255,1.5,5,5,1.5
75,255,1.5,5,5,1.5
85,255,1.5,5,5,1.5
155,255,30,5,5,30
165,255,30,5,5,30
175,255,30,5,5,30
185,255,30,5,5,30
195,255,30,5,5,30
205,255,30,5,5,30
285,255,41.5,5,5,41.5
295,255,41.5,5,5,41.5
305,255,41.5,5,5,41.5
-205,265,69,5,5,69
-195,265,69,5,5,69
-185,265,69,5,5,69
-175,265,69,5,5,69
-165,265,69,5,5,69
-155,265,69,5,5,69
-145,265,69,5,5,69
-135,265,69,5,5,69
45,265,1.5,5,5,1.5
55,265,1.5,5,5,1.5
65,265,1.5,5,5,1.5
75,265,1.5,5,5,1.5
85,265,1.5,5,5,1.5
95,265,1.5,5,5,1.5
145,265,30,5,5,30
155,265,30,5,5,30
165,265,30,5,5,30
175,265,30,5,5,30
185,265,30,5,5,30
195,265,30,5,5,30
205,265,30,5,5,30
215,265,30,5,5,30
295,265,41.5,5,5,41.5
-205,275,69,5,5,69
-195,275,69,5,5,69
-185,275,69,5,5,69
-175,275,69,5,5,69
-165,275,69,5,5,69
-155,275,69,5,5,69
-145,275,69,5,5,69
55,275,1.5,5,5,1.5
65.00001,275,1.5,5,5,1.5
75,275,1.5,5,5,1.5
85,275,1.5,5,5,1.5
135,275,30,5,5,30
145,275,30,5,5,30
155,275,30,5,5,30
165,275,30,5,5,30
175,275,30,5,5,30
185,275,30,5,5,30
195,275,30,5,5,30
205,275,30,5,5,30
215,275,30,5,5,30
225,275,30,5,5,30
-205,285,69,5,5,69
-195,285,69,5,5,69
-185,285,69,5,5,69
-175,285,69,5,5,69
-165,285,69,5,5,69
-155,285,69,5,5,69
65,285,1.5,5,5,1.5
75,285,1.5,5,5,1.5
125,285,85.99999,5,5,85.99999
135,285,86,5,5,86
145,285,30,5,5,30
155,285,30,5,5,30
165,285,30,5,5,30
175,285,30,5,5,30
185,285,30,5,5,30
195,285,30,5,5,30
205,285,30,5,5,30
215,285,30,5,5,30
225,285,30,5,5,30
235,285,30,5,5,30
325,285,2.446928,5,5,2.446928
-215,295,69,5,5,69
-205,295,69,5,5,69
-195,295,69,5,5,69
-185,295,69,5,5,69
-175,295,69,5,5,69
-165,295,69,5,5,69
15,295,30,5,5,30
115,295,86,5,5,86
125,295,86,5,5,86
135,295,86,5,5,86
145,295,86,5,5,86
155,295,30,5,5,30
165,295,30,5,5,30
175,295,30,5,5,30
185,295,30,5,5,30
195,295,30,5,5,30
205,295,30,5,5,30
215,295,30,5,5,30
225,295,30,5,5,30
235,295,30,5,5,30
245,295,30,5,5,30
-215,305,69,5,5,69
-205,305,68.99999,5,5,68.99999
-195,305,69,5,5,69
-185,305,69,5,5,69
5,305,30,5,5,30
15,305,30,5,5,30
25,305,30,5,5,30
105,305,86,5,5,86
115,305,86,5,5,86
125,305,86,5,5,86
135,305,86,5,5,86
145,305,86,5,5,86
155,305,86,5,5,86
165,305,30,5,5,30
175,305,30,5,5,30
185,305,30,5,5,30
195,305,30,5,5,30
205,305,30,5,5,30
215,305,30,5,5,30
225,305,30,5,5,30
235,305,30,5,5,30
245,305,30,5,5,30
-215,315,69,5,5,69
-205,315,69,5,5,69
-195,315,69,5,5,69
-95,315,66.5,5,5,66.5
-85,315,66.5,5,5,66.5
-5,315,30,5,5,30
5,315,30,5,5,30
15,315,30,5,5,30
25,315,30,5,5,30
35,315,30,5,5,30
95,315,86,5,5,86
105,315,86,5,5,86
115,315,86.00001,5,5,86.00001
125,315,85.99999,5,5,85.99999
135,315,86,5,5,86
145,315,86,5,5,86
155,315,30,5,5,30
165,315,30,5,5,30
175,315,30,5,5,30
185,315,30,5,5,30
195,315,30,5,5,30
205,315,30,5,5,30
215,315,30,5,5,30
225,315,30,5,5,30
235,315,30,5,5,30
-225,325,69,5,5,69
-215,325,69,5,5,69
-205,325,69,5,5,69
-105,325,66.5,5,5,66.5
-95,325,66.5,5,5,66.5
-85,325,66.5,5,5,66.5
-75,325,66.5,5,5,66.5
-15,325,30,5,5,30
-5,325,30,5,5,30
5,325,30,5,5,30
15,325,30,5,5,30
25,325,30,5,5,30
35.00001,325,30,5,5,30
85,325,86,5,5,86
95,325,86,5,5,86
105,325,86,5,5,86
115,325,86,5,5,86
125,325,86,5,5,86
135,325,86,5,5,86
145,325,14,5,5,14
155,325,14,5,5,14
165,325,30,5,5,30
175,325,30,5,5,30
185,325,30,5,5,30
195,325,30,5,5,30
205,325,30,5,5,30
215,325,30,5,5,30
225,325,30,5,5,30
-225,335,69,5,5,69
-215,335,69,5,5,69
-115,335,66.5,5,5,66.5
-105,335,66.5,5,5,66.5
-95,335,66.5,5,5,66.5
-85,335,66.5,5,5,66.5
-75,335,66.5,5,5,66.5
-65,335,66.5,5,5,66.5
-5,335,30,5,5,30
5,335,30,5,5,30
15.00002,335,30,5,5,30
25,335,30,5,5,30
75,335,14,5,5,14
85,335,14,5,5,14
95,335,86,5,5,86
105,335,86,5,5,86
115,335,86,5,5,86
125,335,86,5,5,86
135,335,14,5,5,14
145,335,14,5,5,14
155,335,14,5,5,14
165,335,14,5,5,14
175,335,30,5,5,30
185,335,30,5,5,30
195,335,30,5,5,30
205,335,30,5,5,30
215,335,30,5,5,30
-225,345,69,5,5,69
-125,345,52,5,5,52
-115,345,66.5,5,5,66.5
-105,345,66.5,5,5,66.5
-95,345,66.5,5,5,66.5
-85,345,66.5,5,5,66.5
-75,345,66.5,5,5,66.5
5,345,30,5,5,30
15,345,30,5,5,30
65,345,14,5,5,14
75,345,14,5,5,14
85,345,14,5,5,14
94.99999,345,14,5,5,14
105,345,86,5,5,86
115,345,86,5,5,86
125,345,14,5,5,14
135,345,14,5,5,14
145,345,14,5,5,14
155,345,14,5,5,14
165,345,14,5,5,14
175,345,14,5,5,14
185,345,30,5,5,30
195,345,30,5,5,30
205,345,30,5,5,30
-135,355,52,5,5,52
-125,355,52,5,5,52
-115,355,52,5,5,52
-105,355,66.5,5,5,66.5
-95,355,66.5,5,5,66.5
-85,355,66.5,5,5,66.5
55.00002,355,14,5,5,14
65.00001,355,14,5,5,14
75,355,14,5,5,14
85,355,14,5,5,14
95,355,14,5,5,14
105,355,14,5,5,14
115,355,14,5,5,14
125,355,55.5,5,5,55.5
135,355,14,5,5,14
145,355,14,5,5,14
155,355,14,5,5,14
165,355,14,5,5,14
175,355,14,5,5,14
185,355,14,5,5,14
195,355,30,5,5,30
-155,365,52,5,5,52
-145,365,52,5,5,52
-135,365,52,5,5,52
-125,365,52,5,5,52
-115,365,52,5,5,52
-105,365,52,5,5,52
-45,365,47,5,5,47
-35,365,47,5,5,47
45.00001,365,14,5,5,14
55.00002,365,14,5,5,14
65.00001,365,14,5,5,14
75,365,14,5,5,14
85,365,14,5,5,14
95,365,14,5,5,14
105,365,14,5,5,14
115,365,55.5,5,5,55.5
125,365,55.5,5,5,55.5
135,365,55.5,5,5,55.5
145,365,14,5,5,14
155,365,14,5,5,14
165,365,14,5,5,14
175,365,14,5,5,14
185,365,14,5,5,14
495,365,8,5,5,8
-155,375,52,5,5,52
-145,375,52,5,5,52
-135,375,52,5,5,52
-125,375,52,5,5,52
-115,375,52,5,5,52
-105,375,52,5,5,52
-55,375,47,5,5,47
-45,375,47,5,5,47
-35.00001,375,47,5,5,47
-25.00002,375,47,5,5,47
45.00001,375,14,5,5,14
55.00001,375,14,5,5,14
65.00001,375,14,5,5,14
75,375,14,5,5,14
85,375,14,5,5,14
95,375,14,5,5,14
105,375,55.5,5,5,55.5
115,375,55.5,5,5,55.5
125,375,55.5,5,5,55.5
135,375,55.5,5,5,55.5
145,375,55.5,5,5,55.5
155,375,14,5,5,14
165,375,14,5,5,14
175,375,14,5,5,14
485,375,8,5,5,8
495,375,8,5,5,8
-165,385,41.5,5,5,41.5
-145,385,52,5,5,52
-135,385,52,5,5,52
-125,385,52,5,5,52
-115,385,52,5,5,52
-95,385,8.5,5,5,8.5
-85,385,8.5,5,5,8.5
-65,385,47,5,5,47
-55,385,47,5,5,47
-45,385,47,5,5,47
-35,385,47,5,5,47
-25,385,47,5,5,47
55.00002,385,14,5,5,14
65.00002,385,14,5,5,14
75.00001,385,14,5,5,14
85,385,14,5,5,14
95,385,55.5,5,5,55.5
105,385,55.5,5,5,55.5
115,385,55.5,5,5,55.5
125,385,55.5,5,5,55.5
135,385,55.5,5,5,55.5
145,385,55.5,5,5,55.5
155,385,55.5,5,5,55.5
165,385,14,5,5,14
475,385,8,5,5,8
485,385,8,5,5,8
495,385,8,5,5,8
-175,395,41.5,5,5,41.5
-165,395,41.5,5,5,41.5
-155,395,41.5,5,5,41.5
-135,395,52,5,5,52
-125,395,52,5,5,52
-95,395,8.5,5,5,8.5
-85,395,8.5,5,5,8.5
-75,395,8.5,5,5,8.5
-54.99999,395,47,5,5,47
-45,395,47,5,5,47
-35,395,47,5,5,47
65.00001,395,14,5,5,14
75.00003,394.9999,14,5,5,14
85,395,14,5,5,14
95,395,55.5,5,5,55.5
105,395,55.5,5,5,55.5
115,395,55.5,5,5,55.5
125,395,55.5,5,5,55.5
135,395,55.5,5,5,55.5
145,395,55.5,5,5,55.5
155,395,14,5,5,14
455,395,8,5,5,8
465,395,8,5,5,8
475,395,8,5,5,8
485,395,8,5,5,8
495,395,8,5,5,8
-185,405,41.5,5,5,41.5
-175,405,41.5,5,5,41.5
-165,405,41.5,5,5,41.5
-155,405,41.5,5,5,41.5
-145,405,41.5,5,5,41.5
-105,405,40,5,5,40
-95,405,40,5,5,40
-85,405,8.5,5,5,8.5
-75,405,8.5,5,5,8.5
-65,405,8.5,5,5,8.5
-55,405,47,5,5,47
-45,405,47,5,5,47
5,405,16.5,5,5,16.5
95,405,14,5,5,14
105,405,55.5,5,5,55.5
115,405,55.5,5,5,55.5
125,405,55.5,5,5,55.5
135,405,55.5,5,5,55.5
145,405,14,5,5,14
425,405,8,5,5,8
445,405,8,5,5,8
455,405,8,5,5,8
465,405,8,5,5,8
475,405,8,5,5,8
485,405,8,5,5,8
495,405,8,5,5,8
-195,415,41.5,5,5,41.5
-185,415,41.5,5,5,41.5
-175,415,41.5,5,5,41.5
-165,415,41.5,5,5,41.5
-155,415,41.5,5,5,41.5
-145,415,41.5,5,5,41.5
-135,415,41.5,5,5,41.5
-115,415,40,5,5,40
-105,415,40,5,5,40
-95,415,40,5,5,40
-85,415,40,5,5,40
-75,415,8.5,5,5,8.5
-65,415,8.5,5,5,8.5
-55,415,8.5,5,5,8.5
-5,415,16.5,5,5,16.5
5,415,16.5,5,5,16.5
15,415,16.5,5,5,16.5
105,415,14,5,5,14
115,415,55.5,5,5,55.5
125,415,55.5,5,5,55.5
135,415,14,5,5,14
265,415,3.850401,5,5,3.850401
415,415,8,5,5,8
424.9999,415,8,5,5,8
435,415,8,5,5,8
445,415,8,5,5,8
455,415,8,5,5,8
465,415,8,5,5,8
475,415,8,5,5,8
485,415,8,5,5,8
495,415,8,5,5,8
-205,425,28.5,5,5,28.5
-185,425,41.5,5,5,41.5
-175,425,41.5,5,5,41.5
-165,425,41.5,5,5,41.5
-155,425,41.5,5,5,41.5
-145,425,41.5,5,5,41.5
-125,425,40,5,5,40
-115,425,40,5,5,40
-105,425,40,5,5,40
-95,425,40,5,5,40
-85,425,40,5,5,40
-75,425,40,5,5,40
-65,425,8.500001,5,5,8.500001
-15,425,16.5,5,5,16.5
-5,425,16.5,5,5,16.5
4.999985,425,16.5,5,5,16.5
15,425,16.5,5,5,16.5
25,425,16.5,5,5,16.5
115,425,14,5,5,14
125,425,14,5,5,14
185,425,15.5,5,5,15.5
195,425,15.5,5,5,15.5
405,425,8,5,5,8
415,425,30,5,5,30
425,425,8,5,5,8
435,425,8,5,5,8
445,425,8,5,5,8
455,425,8,5,5,8
465,425,8,5,5,8
475,425,8,5,5,8
485,425,8,5,5,8
495,425,8,5,5,8
-215,435,28.5,5,5,28.5
-205,435,28.5,5,5,28.5
-195,435,28.5,5,5,28.5
-175,435,41.5,5,5,41.5
-165,435,41.5,5,5,41.5
-155,435,41.5,5,5,41.5
-145,435,41.5,5,5,41.5
-125,435,40,5,5,40
-115,435,40,5,5,40
-105,435,40,5,5,40
-95,435,40,5,5,40
-85,435,40,5,5,40
-75,435,40,5,5,40
-25.00002,435,16.5,5,5,16.5
-15,435,16.5,5,5,16.5
-5,435,16.5,5,5,16.5
5,435,16.5,5,5,16.5
15,435,16.5,5,5,16.5
25,435,16.5,5,5,16.5
35,435,16.5,5,5,16.5
175,435,15.5,5,5,15.5
185,435,15.5,5,5,15.5
195,435,15.5,5,5,15.5
395,435,8,5,5,8
405,435,8,5,5,8
415,435,25,5,5,25
425,435,8,5,5,8
435,435,8,5,5,8
445,435,8,5,5,8
455,435,8,5,5,8
465,435,8,5,5,8
475,435,8,5,5,8
485,435,8,5,5,8
495,435,8,5,5,8
-225,445,28.5,5,5,28.5
-215,445,28.5,5,5,28.5
-205,445,28.5,5,5,28.5
-195,445,28.5,5,5,28.5
-185,445,28.5,5,5,28.5
-165,445,41.5,5,5,41.5
-115,445,40,5,5,40
-105,445,40,5,5,40
-95,445,40,5,5,40
-85,445,40,5,5,40
-35.00001,445,16.5,5,5,16.5
-25,445,16.5,5,5,16.5
-15,445,16.5,5,5,16.5
-5,445,16.5,5,5,16.5
4.999985,445,16.5,5,5,16.5
15,445,16.5,5,5,16.5
24.99998,445,16.5,5,5,16.5
35,445,16.5,5,5,16.5
45,445,16.5,5,5,16.5
165,445,15.5,5,5,15.5
175,445,15.5,5,5,15.5
185,445,15.5,5,5,15.5
215,445,2,5,5,2
385,445,8,5,5,8
395,445,8,5,5,8
405,445,8,5,5,8
415,445,8,5,5,8
425,445,8,5,5,8
435,445,8,5,5,8
445,445,8,5,5,8
455,445,8,5,5,8
465,445,8,5,5,8
475,445,8,5,5,8
485,445,8,5,5,8
-235,455,28.5,5,5,28.5
-225,455,28.5,5,5,28.5
-215,455,28.5,5,5,28.5
-205,455,28.5,5,5,28.5
-195,455,28.5,5,5,28.5
-185,455,28.5,5,5,28.5
-175,455,28.5,5,5,28.5
-155,455,22,5,5,22
-105,455,40,5,5,40
-95,455,40,5,5,40
-45,455,16.5,5,5,16.5
-35,455,16.5,5,5,16.5
-25,455,16.5,5,5,16.5
-15,455,16.5,5,5,16.5
-5,455,16.5,5,5,16.5
5,455,16.5,5,5,16.5
15,455,16.5,5,5,16.5
25,455,16.5,5,5,16.5
34.99999,455,16.5,5,5,16.5
45,455,16.5,5,5,16.5
55,455,16.5,5,5,16.5
155,455,15.5,5,5,15.5
165,455,15.5,5,5,15.5
175,455,15.5,5,5,15.5
185,455,15.5,5,5,15.5
205,455,2,5,5,2
215,455,2,5,5,2
375,455,8,5,5,8
385,455,8,5,5,8
395,455,8,5,5,8
405,455,8,5,5,8
415,455,8,5,5,8
425,455,8,5,5,8
435,455,8,5,5,8
445,455,8,5,5,8
455,455,8,5,5,8
465,455,8,5,5,8
475,455,8,5,5,8
-225,465,28.5,5,5,28.5
-215,465,28.5,5,5,28.5
-205,465,28.5,5,5,28.5
-195,465,28.5,5,5,28.5
-185,465,28.5,5,5,28.5
-165,465,22,5,5,22
-155,465,22,5,5,22
-145,465,22,5,5,22
-55,465,16.5,5,5,16.5
-45.00001,465,16.5,5,5,16.5
-35,465,16.5,5,5,16.5
-25,465,16.5,5,5,16.5
-15,465,16.5,5,5,16.5
-4.999985,465,16.5,5,5,16.5
5,465,16.5,5,5,16.5
15.00002,465,16.5,5,5,16.5
25,465,16.5,5,5,16.5
35,465,16.5,5,5,16.5
45.00001,465,16.5,5,5,16.5
55,465,16.5,5,5,16.5
65.00001,465,16.5,5,5,16.5
145,465,15.5,5,5,15.5
155,465,15.5,5,5,15.5
165,465,15.5,5,5,15.5
175,465,15.5,5,5,15.5
185,465,15.5,5,5,15.5
195,465,15.5,5,5,15.5
365,465,8,5,5,8
375,465,8,5,5,8
385,465,8,5,5,8
395,465,8,5,5,8
405,465,8,5,5,8
415,465,8,5,5,8
425,465,8,5,5,8
435,465,8,5,5,8
445,465,8,5,5,8
455,465,8,5,5,8
